[
    {
        "id": "thun_00_a_22_237",
        "image_path": "data/train/thun_00_a/image/000237.jpg",
        "event_path": "data/train/thun_00_a/event/000237.npz",
        "index": "0",
        "bbox": {
            "x": 108.0,
            "y": 201.0,
            "w": 29.0,
            "h": 65.0
        },
        "class": "pedestrian",
        "others": [
            {
                "id": "thun_00_a_42_237",
                "class": "car",
                "bbox": {
                    "x": 0.0,
                    "y": 213.0,
                    "w": 50.0,
                    "h": 32.0
                }
            }
        ],
        "number of other objects": 1,
        "captions": [
            "A pedestrian dressed in dark clothing is walking steadily down the left side of the road, moving away from the viewer and passing by houses and a hedge on the right.",
            "Pedestrian wearing dark attire walks steadily along the left side, moving away from view while passing houses and a hedge on the right.",
            "Moving away from the viewer, a person dressed in dark clothing strides along the left-hand side, with a hedge and residential buildings positioned to the right."
        ],
        "attributes": [
            {
                "appearance": [
                    "pedestrian dressed in dark clothing"
                ],
                "status": [
                    "walking steadily"
                ],
                "relation_viewer": [
                    "walking down the left side of the road",
                    "moving away from the viewer"
                ],
                "relation_others": [
                    "passing by houses",
                    "passing by a hedge on the right"
                ]
            },
            {
                "appearance": [
                    "pedestrian wearing dark attire"
                ],
                "status": [
                    "walks steadily"
                ],
                "relation_viewer": [
                    "walking along the left side",
                    "moving away from view"
                ],
                "relation_others": [
                    "passing houses on the right",
                    "passing a hedge on the right"
                ]
            },
            {
                "appearance": [
                    "a person dressed in dark clothing"
                ],
                "status": [
                    "moving away from the viewer"
                ],
                "relation_viewer": [
                    "strides along the left-hand side"
                ],
                "relation_others": [
                    "hedge and residential buildings positioned to the right"
                ]
            }
        ]
    },
    {
        "id": "thun_00_a_13_21",
        "image_path": "data/train/thun_00_a/image/000021.jpg",
        "event_path": "data/train/thun_00_a/event/000021.npz",
        "index": "2",
        "bbox": {
            "x": 405.0,
            "y": 209.0,
            "w": 111.0,
            "h": 77.0
        },
        "class": "car",
        "others": [],
        "number of other objects": 0,
        "captions": [
            "A dark-colored sedan with a roof rack is parked on the right side of the road, near a wooden fence, and is facing away from the viewer.",
            "Dark-colored sedan equipped with a roof rack is parked along the right-hand side, positioned near a wooden fence, facing away.",
            "Parked next to a wooden fence, a dark sedan with roof racks is situated on the right, its front pointing away from the viewer."
        ],
        "attributes": [
            {
                "appearance": [
                    "dark-colored sedan with a roof rack"
                ],
                "status": [
                    "parked"
                ],
                "relation_viewer": [
                    "on the right side of the road",
                    "facing away from the viewer"
                ],
                "relation_others": [
                    "near a wooden fence"
                ]
            },
            {
                "appearance": [
                    "dark-colored sedan equipped with a roof rack"
                ],
                "status": [
                    "parked"
                ],
                "relation_viewer": [
                    "along the right-hand side",
                    "facing away"
                ],
                "relation_others": [
                    "near a wooden fence"
                ]
            },
            {
                "appearance": [
                    "dark sedan with roof racks"
                ],
                "status": [
                    "parked"
                ],
                "relation_viewer": [
                    "on the right",
                    "front pointing away from the viewer"
                ],
                "relation_others": [
                    "next to a wooden fence"
                ]
            }
        ]
    },
    {
        "id": "thun_00_a_13_29",
        "image_path": "data/train/thun_00_a/image/000029.jpg",
        "event_path": "data/train/thun_00_a/event/000029.npz",
        "index": "3",
        "bbox": {
            "x": 422.0,
            "y": 200.0,
            "w": 156.0,
            "h": 108.0
        },
        "class": "car",
        "others": [],
        "number of other objects": 0,
        "captions": [
            "A dark-colored car with roof racks is parked stationary on the right side of the road, in front of the viewer and next to a wooden fence.",
            "Dark-colored car featuring roof racks is parked still along the right, positioned ahead, adjacent to a wooden fence.",
            "On the right side, a stationary dark vehicle with roof racks is positioned in front, directly next to a wooden fence."
        ],
        "attributes": [
            {
                "appearance": [
                    "dark-colored car with roof racks"
                ],
                "status": [
                    "parked stationary"
                ],
                "relation_viewer": [
                    "on the right side of the road",
                    "in front of the viewer"
                ],
                "relation_others": [
                    "next to a wooden fence"
                ]
            },
            {
                "appearance": [
                    "dark-colored car featuring roof racks"
                ],
                "status": [
                    "parked still"
                ],
                "relation_viewer": [
                    "along the right",
                    "positioned ahead"
                ],
                "relation_others": [
                    "adjacent to a wooden fence"
                ]
            },
            {
                "appearance": [
                    "dark vehicle with roof racks"
                ],
                "status": [
                    "stationary"
                ],
                "relation_viewer": [
                    "on the right side",
                    "positioned in front"
                ],
                "relation_others": [
                    "next to a wooden fence"
                ]
            }
        ]
    },
    {
        "id": "thun_00_a_24_93",
        "image_path": "data/train/thun_00_a/image/000093.jpg",
        "event_path": "data/train/thun_00_a/event/000093.npz",
        "index": "0",
        "bbox": {
            "x": 371.0,
            "y": 207.0,
            "w": 38.0,
            "h": 31.0
        },
        "class": "car",
        "others": [
            {
                "id": "thun_00_a_33_93",
                "class": "car",
                "bbox": {
                    "x": 32.0,
                    "y": 201.0,
                    "w": 43.0,
                    "h": 43.0
                }
            },
            {
                "id": "thun_00_a_35_93",
                "class": "car",
                "bbox": {
                    "x": 71.0,
                    "y": 205.0,
                    "w": 58.0,
                    "h": 41.0
                }
            }
        ],
        "number of other objects": 2,
        "captions": [
            "A black sedan is parked at the end of the street, facing away from the viewer, and is surrounded by trees and buildings.",
            "Black sedan remains parked at the far end of the street, facing away, surrounded by trees and nearby buildings.",
            "Positioned at the street's endpoint, a stationary black sedan is oriented away from view, enclosed by urban structures and trees."
        ],
        "attributes": [
            {
                "appearance": [
                    "black sedan"
                ],
                "status": [
                    "parked"
                ],
                "relation_viewer": [
                    "facing away from the viewer"
                ],
                "relation_others": [
                    "surrounded by trees",
                    "surrounded by buildings"
                ]
            },
            {
                "appearance": [
                    "black sedan"
                ],
                "status": [
                    "parked"
                ],
                "relation_viewer": [
                    "at the far end of the street",
                    "facing away"
                ],
                "relation_others": [
                    "surrounded by trees",
                    "nearby buildings"
                ]
            },
            {
                "appearance": [
                    "black sedan"
                ],
                "status": [
                    "stationary"
                ],
                "relation_viewer": [
                    "oriented away from view"
                ],
                "relation_others": [
                    "enclosed by urban structures",
                    "enclosed by trees"
                ]
            }
        ]
    },
    {
        "id": "thun_00_a_24_101",
        "image_path": "data/train/thun_00_a/image/000101.jpg",
        "event_path": "data/train/thun_00_a/event/000101.npz",
        "index": "1",
        "bbox": {
            "x": 374.0,
            "y": 209.0,
            "w": 41.0,
            "h": 34.0
        },
        "class": "car",
        "others": [
            {
                "id": "thun_00_a_33_101",
                "class": "car",
                "bbox": {
                    "x": 0.0,
                    "y": 211.0,
                    "w": 33.0,
                    "h": 40.0
                }
            },
            {
                "id": "thun_00_a_35_101",
                "class": "car",
                "bbox": {
                    "x": 24.0,
                    "y": 209.0,
                    "w": 74.0,
                    "h": 45.0
                }
            }
        ],
        "number of other objects": 2,
        "captions": [
            "A black sedan is parked stationary on the right side of the road, facing away from the viewer, and is surrounded by trees and buildings.",
            "Black sedan sits motionless on the right side, facing away from the viewer, with surrounding trees and buildings.",
            "On the right-hand side, a parked black sedan remains still, oriented away, enclosed by urban structures and greenery."
        ],
        "attributes": [
            {
                "appearance": [
                    "black sedan"
                ],
                "status": [
                    "parked stationary"
                ],
                "relation_viewer": [
                    "on the right side of the road",
                    "facing away from the viewer"
                ],
                "relation_others": [
                    "surrounded by trees",
                    "surrounded by buildings"
                ]
            },
            {
                "appearance": [
                    "black sedan"
                ],
                "status": [
                    "sits motionless"
                ],
                "relation_viewer": [
                    "on the right side",
                    "facing away from the viewer"
                ],
                "relation_others": [
                    "surrounding trees",
                    "surrounding buildings"
                ]
            },
            {
                "appearance": [
                    "black sedan"
                ],
                "status": [
                    "parked",
                    "remains still"
                ],
                "relation_viewer": [
                    "oriented away"
                ],
                "relation_others": [
                    "enclosed by urban structures",
                    "enclosed by greenery"
                ]
            }
        ]
    },
    {
        "id": "thun_00_a_24_109",
        "image_path": "data/train/thun_00_a/image/000109.jpg",
        "event_path": "data/train/thun_00_a/event/000109.npz",
        "index": "2",
        "bbox": {
            "x": 378.0,
            "y": 207.0,
            "w": 47.0,
            "h": 36.0
        },
        "class": "car",
        "others": [
            {
                "id": "thun_00_a_35_109",
                "class": "car",
                "bbox": {
                    "x": 0.0,
                    "y": 205.0,
                    "w": 59.0,
                    "h": 56.0
                }
            }
        ],
        "number of other objects": 1,
        "captions": [
            "A dark-colored car is parked stationary on the right side of the road, near the curb, in front of the viewer and surrounded by residential structures and trees.",
            "Dark-colored vehicle is stationed on the right near the curb, positioned ahead, surrounded by residential buildings and trees.",
            "Stationary near the curb, a dark car is parked in front, flanked by trees and residential structures."
        ],
        "attributes": [
            {
                "appearance": [
                    "dark-colored car"
                ],
                "status": [
                    "parked stationary"
                ],
                "relation_viewer": [
                    "in front of the viewer",
                    "on the right side of the road",
                    "near the curb"
                ],
                "relation_others": [
                    "surrounded by residential structures",
                    "surrounded by trees"
                ]
            },
            {
                "appearance": [
                    "dark-colored vehicle"
                ],
                "status": [
                    "stationed"
                ],
                "relation_viewer": [
                    "on the right near the curb",
                    "positioned ahead"
                ],
                "relation_others": [
                    "surrounded by residential buildings",
                    "surrounded by trees"
                ]
            },
            {
                "appearance": [
                    "dark car"
                ],
                "status": [
                    "stationary"
                ],
                "relation_viewer": [
                    "parked in front"
                ],
                "relation_others": [
                    "flanked by trees",
                    "flanked by residential structures"
                ]
            }
        ]
    },
    {
        "id": "thun_00_a_24_117",
        "image_path": "data/train/thun_00_a/image/000117.jpg",
        "event_path": "data/train/thun_00_a/event/000117.npz",
        "index": "3",
        "bbox": {
            "x": 384.0,
            "y": 206.0,
            "w": 52.0,
            "h": 43.0
        },
        "class": "car",
        "others": [],
        "number of other objects": 0,
        "captions": [
            "A dark-colored car is parked stationary on the right side of the road, facing away from the viewer, and is surrounded by residential structures and trees.",
            "Dark-colored car stays parked on the right, facing away, positioned among trees and residential buildings.",
            "Parked on the right-hand side, a stationary dark car is aligned away from view, surrounded by homes and trees."
        ],
        "attributes": [
            {
                "appearance": [
                    "dark-colored car"
                ],
                "status": [
                    "parked stationary"
                ],
                "relation_viewer": [
                    "on the right side of the road",
                    "facing away from the viewer"
                ],
                "relation_others": [
                    "surrounded by residential structures",
                    "surrounded by trees"
                ]
            },
            {
                "appearance": [
                    "dark-colored car"
                ],
                "status": [
                    "parked"
                ],
                "relation_viewer": [
                    "facing away",
                    "positioned among trees and residential buildings"
                ],
                "relation_others": [
                    "on the right"
                ]
            },
            {
                "appearance": [
                    "dark car"
                ],
                "status": [
                    "stationary"
                ],
                "relation_viewer": [
                    "aligned away from view",
                    "on the right-hand side"
                ],
                "relation_others": [
                    "surrounded by homes",
                    "surrounded by trees"
                ]
            }
        ]
    },
    {
        "id": "thun_00_a_24_125",
        "image_path": "data/train/thun_00_a/image/000125.jpg",
        "event_path": "data/train/thun_00_a/event/000125.npz",
        "index": "4",
        "bbox": {
            "x": 390.0,
            "y": 206.0,
            "w": 62.0,
            "h": 47.0
        },
        "class": "car",
        "others": [],
        "number of other objects": 0,
        "captions": [
            "A black car is parked stationary on the right side of the road, near the curb, in front of the viewer, slightly to the right, surrounded by trees and buildings.",
            "Black vehicle remains still on the right near the curb, slightly ahead and positioned toward the right, framed by trees and buildings.",
            "Positioned slightly rightward, a stationary black car is parked near the curb, surrounded by greenery and structures."
        ],
        "attributes": [
            {
                "appearance": [
                    "black car"
                ],
                "status": [
                    "parked stationary"
                ],
                "relation_viewer": [
                    "in front of the viewer",
                    "slightly to the right"
                ],
                "relation_others": [
                    "surrounded by trees",
                    "surrounded by buildings",
                    "near the curb"
                ]
            },
            {
                "appearance": [
                    "black vehicle"
                ],
                "status": [
                    "remains still"
                ],
                "relation_viewer": [
                    "near the curb",
                    "slightly ahead",
                    "positioned toward the right"
                ],
                "relation_others": [
                    "framed by trees",
                    "framed by buildings"
                ]
            },
            {
                "appearance": [
                    "black car"
                ],
                "status": [
                    "stationary"
                ],
                "relation_viewer": [
                    "positioned slightly rightward"
                ],
                "relation_others": [
                    "surrounded by greenery",
                    "surrounded by structures"
                ]
            }
        ]
    },
    {
        "id": "thun_00_a_24_133",
        "image_path": "data/train/thun_00_a/image/000133.jpg",
        "event_path": "data/train/thun_00_a/event/000133.npz",
        "index": "5",
        "bbox": {
            "x": 398.0,
            "y": 205.0,
            "w": 73.0,
            "h": 56.0
        },
        "class": "car",
        "others": [],
        "number of other objects": 0,
        "captions": [
            "A dark-colored car is parked stationary on the right side of the road, near the entrance of a driveway, with a pedestrian walking behind to the left side of the road, and buildings lining the street.",
            "Dark-colored car remains motionless near a driveway entrance on the right, while a pedestrian walks behind it on the left side, passing by buildings.",
            "Parked close to a driveway, a stationary dark vehicle is positioned on the right, with a person walking on the opposite side, along a street lined with structures."
        ],
        "attributes": [
            {
                "appearance": [
                    "dark-colored car"
                ],
                "status": [
                    "parked stationary"
                ],
                "relation_viewer": [
                    "on the right side of the road"
                ],
                "relation_others": [
                    "near the entrance of a driveway",
                    "a pedestrian walking behind to the left side of the road",
                    "buildings lining the street"
                ]
            },
            {
                "appearance": [
                    "dark-colored car"
                ],
                "status": [
                    "motionless"
                ],
                "relation_viewer": [
                    "near a driveway entrance on the right"
                ],
                "relation_others": [
                    "a pedestrian walks behind it on the left side",
                    "passing by buildings"
                ]
            },
            {
                "appearance": [
                    "dark vehicle"
                ],
                "status": [
                    "parked",
                    "stationary"
                ],
                "relation_viewer": [
                    "on the right"
                ],
                "relation_others": [
                    "person walking on the opposite side",
                    "along a street lined with structures"
                ]
            }
        ]
    },
    {
        "id": "thun_00_a_24_141",
        "image_path": "data/train/thun_00_a/image/000141.jpg",
        "event_path": "data/train/thun_00_a/event/000141.npz",
        "index": "6",
        "bbox": {
            "x": 408.0,
            "y": 203.0,
            "w": 91.0,
            "h": 66.0
        },
        "class": "car",
        "others": [],
        "number of other objects": 0,
        "captions": [
            "A dark-colored car is parked stationary on the right side of the road, facing away from the viewer, near a metal fence and some bushes, and in front of a building with a red roof.",
            "Dark-colored vehicle remains still on the right, positioned near a metal fence and some bushes, ahead of a building with a red roof.",
            "Near a red-roofed structure, a stationary dark car is parked along the right, next to a metal fence and greenery."
        ],
        "attributes": [
            {
                "appearance": [
                    "dark-colored car"
                ],
                "status": [
                    "parked stationary"
                ],
                "relation_viewer": [
                    "on the right side of the road",
                    "facing away from the viewer"
                ],
                "relation_others": [
                    "near a metal fence",
                    "some bushes",
                    "in front of a building with a red roof"
                ]
            },
            {
                "appearance": [
                    "dark-colored vehicle"
                ],
                "status": [
                    "remains still"
                ],
                "relation_viewer": [
                    "on the right",
                    "ahead of a building with a red roof"
                ],
                "relation_others": [
                    "near a metal fence",
                    "near some bushes"
                ]
            },
            {
                "appearance": [
                    "dark car"
                ],
                "status": [
                    "stationary"
                ],
                "relation_viewer": [
                    "parked along the right"
                ],
                "relation_others": [
                    "next to a metal fence",
                    "next to greenery"
                ]
            }
        ]
    },
    {
        "id": "thun_00_a_24_149",
        "image_path": "data/train/thun_00_a/image/000149.jpg",
        "event_path": "data/train/thun_00_a/event/000149.npz",
        "index": "7",
        "bbox": {
            "x": 422.0,
            "y": 205.0,
            "w": 111.0,
            "h": 81.0
        },
        "class": "car",
        "others": [],
        "number of other objects": 0,
        "captions": [
            "A black car is parked stationary on the right side of the road, near some bushes, and in front of a building.",
            "Black vehicle remains still on the right side, positioned near bushes and directly in front of a building.",
            "Stationed near a row of bushes, a black car sits parked on the right, facing a nearby structure."
        ],
        "attributes": [
            {
                "appearance": [
                    "black car"
                ],
                "status": [
                    "parked stationary"
                ],
                "relation_viewer": [
                    "on the right side of the road"
                ],
                "relation_others": [
                    "near some bushes",
                    "in front of a building"
                ]
            },
            {
                "appearance": [
                    "black vehicle"
                ],
                "status": [
                    "remains still"
                ],
                "relation_viewer": [
                    "on the right side"
                ],
                "relation_others": [
                    "near bushes",
                    "directly in front of a building"
                ]
            },
            {
                "appearance": [
                    "black car"
                ],
                "status": [
                    "parked"
                ],
                "relation_viewer": [
                    "on the right"
                ],
                "relation_others": [
                    "near a row of bushes",
                    "facing a nearby structure"
                ]
            }
        ]
    },
    {
        "id": "thun_00_a_24_157",
        "image_path": "data/train/thun_00_a/image/000157.jpg",
        "event_path": "data/train/thun_00_a/event/000157.npz",
        "index": "8",
        "bbox": {
            "x": 439.0,
            "y": 203.0,
            "w": 151.0,
            "h": 101.0
        },
        "class": "car",
        "others": [],
        "number of other objects": 0,
        "captions": [
            "A black car is parked stationary on the right side of the road, near a hedge and a building, and is positioned in front of the viewer.",
            "Black vehicle is parked on the right-hand side, positioned near a hedge and a building, appearing directly ahead from this viewpoint.",
            "Positioned ahead, a stationary black car is situated near a hedge and a structure, parked along the right side of the road."
        ],
        "attributes": [
            {
                "appearance": [
                    "black car"
                ],
                "status": [
                    "parked stationary"
                ],
                "relation_viewer": [
                    "positioned in front of the viewer"
                ],
                "relation_others": [
                    "near a hedge",
                    "near a building"
                ]
            },
            {
                "appearance": [
                    "black vehicle"
                ],
                "status": [
                    "parked"
                ],
                "relation_viewer": [
                    "positioned ahead from this viewpoint"
                ],
                "relation_others": [
                    "on the right-hand side",
                    "near a hedge",
                    "near a building"
                ]
            },
            {
                "appearance": [
                    "black car"
                ],
                "status": [
                    "stationary"
                ],
                "relation_viewer": [
                    "positioned ahead",
                    "parked along the right side of the road"
                ],
                "relation_others": [
                    "near a hedge",
                    "near a structure"
                ]
            }
        ]
    },
    {
        "id": "thun_00_a_29_85",
        "image_path": "data/train/thun_00_a/image/000085.jpg",
        "event_path": "data/train/thun_00_a/event/000085.npz",
        "index": "0",
        "bbox": {
            "x": 36.0,
            "y": 200.0,
            "w": 45.0,
            "h": 33.0
        },
        "class": "car",
        "others": [
            {
                "id": "thun_00_a_35_85",
                "class": "car",
                "bbox": {
                    "x": 108.0,
                    "y": 206.0,
                    "w": 46.0,
                    "h": 35.0
                }
            }
        ],
        "number of other objects": 1,
        "captions": [
            "A white car is parked stationary on the left side of the image, near the entrance of a driveway, surrounded by other parked cars and buildings, and occluded by a white electric box.",
            "White vehicle remains still on the left side, stationed near a driveway entrance, surrounded by parked cars and partially hidden by an electrical box.",
            "At the driveway's entrance, a stationary white car is parked on the left, partly obscured by an electrical unit, with additional vehicles and buildings around."
        ],
        "attributes": [
            {
                "appearance": [
                    "white car"
                ],
                "status": [
                    "parked stationary"
                ],
                "relation_viewer": [
                    "on the left side of the image"
                ],
                "relation_others": [
                    "near the entrance of a driveway",
                    "surrounded by other parked cars",
                    "surrounded by buildings",
                    "occluded by a white electric box"
                ]
            },
            {
                "appearance": [
                    "white vehicle"
                ],
                "status": [
                    "remains still"
                ],
                "relation_viewer": [
                    "on the left side",
                    "stationed near a driveway entrance"
                ],
                "relation_others": [
                    "surrounded by parked cars",
                    "partially hidden by an electrical box"
                ]
            },
            {
                "appearance": [
                    "white car"
                ],
                "status": [
                    "stationary"
                ],
                "relation_viewer": [
                    "parked on the left"
                ],
                "relation_others": [
                    "partly obscured by an electrical unit",
                    "additional vehicles and buildings around"
                ]
            }
        ]
    },
    {
        "id": "thun_00_a_30_37",
        "image_path": "data/train/thun_00_a/image/000037.jpg",
        "event_path": "data/train/thun_00_a/event/000037.npz",
        "index": "0",
        "bbox": {
            "x": 446.0,
            "y": 214.0,
            "w": 49.0,
            "h": 34.0
        },
        "class": "car",
        "others": [
            {
                "id": "thun_00_a_13_37",
                "class": "car",
                "bbox": {
                    "x": 449.0,
                    "y": 200.0,
                    "w": 190.0,
                    "h": 149.0
                }
            }
        ],
        "number of other objects": 1,
        "captions": [
            "A black SUV is parked stationary on the right side of the road, facing away from the viewer. It is the second closer car to the viewer among all cars in the scene.",
            "Black SUV remains motionless on the right, oriented away from the viewer, positioned as the second closest car in the scene.",
            "Among multiple vehicles, a stationary black SUV is parked on the right side, facing away, appearing second closest to the viewer."
        ],
        "attributes": [
            {
                "appearance": [
                    "black SUV"
                ],
                "status": [
                    "parked stationary"
                ],
                "relation_viewer": [
                    "on the right side of the road",
                    "facing away from the viewer"
                ],
                "relation_others": [
                    "second closer car to the viewer"
                ]
            },
            {
                "appearance": [
                    "black SUV"
                ],
                "status": [
                    "remains motionless"
                ],
                "relation_viewer": [
                    "oriented away from the viewer"
                ],
                "relation_others": [
                    "second closest car in the scene"
                ]
            },
            {
                "appearance": [
                    "black SUV"
                ],
                "status": [
                    "stationary"
                ],
                "relation_viewer": [
                    "parked on the right side",
                    "second closest to the viewer"
                ],
                "relation_others": [
                    "among multiple vehicles",
                    "facing away"
                ]
            }
        ]
    },
    {
        "id": "thun_00_a_30_45",
        "image_path": "data/train/thun_00_a/image/000045.jpg",
        "event_path": "data/train/thun_00_a/event/000045.npz",
        "index": "1",
        "bbox": {
            "x": 459.0,
            "y": 214.0,
            "w": 63.0,
            "h": 39.0
        },
        "class": "car",
        "others": [
            {
                "id": "thun_00_a_13_45",
                "class": "car",
                "bbox": {
                    "x": 497.0,
                    "y": 201.0,
                    "w": 142.0,
                    "h": 249.0
                }
            }
        ],
        "number of other objects": 1,
        "captions": [
            "A black SUV is parked stationary on the right side of the road, in front of the viewer, surrounded by residential houses and trees. It is the second closer car to the viewer among all cars in the scene.",
            "Black SUV is parked along the right-hand side, positioned in front, surrounded by trees and residential homes, appearing second closest in the frame.",
            "In a residential area, a stationary black SUV is placed ahead, positioned near houses and trees, ranked as the second closest vehicle in sight."
        ],
        "attributes": [
            {
                "appearance": [
                    "black SUV"
                ],
                "status": [
                    "parked stationary"
                ],
                "relation_viewer": [
                    "on the right side of the road",
                    "in front of the viewer"
                ],
                "relation_others": [
                    "surrounded by residential houses",
                    "surrounded by trees",
                    "second closer car to the viewer"
                ]
            },
            {
                "appearance": [
                    "black SUV"
                ],
                "status": [
                    "parked"
                ],
                "relation_viewer": [
                    "along the right-hand side",
                    "positioned in front"
                ],
                "relation_others": [
                    "surrounded by trees",
                    "surrounded by residential homes",
                    "second closest in the frame"
                ]
            },
            {
                "appearance": [
                    "black SUV"
                ],
                "status": [
                    "stationary"
                ],
                "relation_viewer": [
                    "placed ahead"
                ],
                "relation_others": [
                    "near houses",
                    "near trees",
                    "second closest vehicle in sight"
                ]
            }
        ]
    },
    {
        "id": "thun_00_a_30_53",
        "image_path": "data/train/thun_00_a/image/000053.jpg",
        "event_path": "data/train/thun_00_a/event/000053.npz",
        "index": "2",
        "bbox": {
            "x": 475.0,
            "y": 214.0,
            "w": 76.0,
            "h": 45.0
        },
        "class": "car",
        "others": [
            {
                "id": "thun_00_a_13_53",
                "class": "car",
                "bbox": {
                    "x": 608.0,
                    "y": 301.0,
                    "w": 31.0,
                    "h": 145.0
                }
            }
        ],
        "number of other objects": 1,
        "captions": [
            "A dark-colored SUV is parked on the right side of the road, near a wooden fence and some greenery, with its tail lights visible, and is stationary in front of the viewer.",
            "Dark SUV is parked on the right, positioned near a wooden fence and greenery, displaying visible taillights, stationed ahead in the frame.",
            "Near a wooden fence and plants, a stationary dark-colored SUV is placed in front, with its taillights prominently visible."
        ],
        "attributes": [
            {
                "appearance": [
                    "dark-colored SUV"
                ],
                "status": [
                    "stationary"
                ],
                "relation_viewer": [
                    "parked on the right side of the road",
                    "in front of the viewer"
                ],
                "relation_others": [
                    "near a wooden fence",
                    "some greenery",
                    "tail lights visible"
                ]
            },
            {
                "appearance": [
                    "dark SUV",
                    "visible taillights"
                ],
                "status": [
                    "parked"
                ],
                "relation_viewer": [
                    "positioned ahead in the frame"
                ],
                "relation_others": [
                    "near a wooden fence",
                    "surrounded by greenery"
                ]
            },
            {
                "appearance": [
                    "dark-colored SUV",
                    "taillights prominently visible"
                ],
                "status": [
                    "stationary"
                ],
                "relation_viewer": [
                    "placed in front"
                ],
                "relation_others": [
                    "near a wooden fence and plants"
                ]
            }
        ]
    },
    {
        "id": "thun_00_a_30_61",
        "image_path": "data/train/thun_00_a/image/000061.jpg",
        "event_path": "data/train/thun_00_a/event/000061.npz",
        "index": "3",
        "bbox": {
            "x": 493.0,
            "y": 214.0,
            "w": 96.0,
            "h": 53.0
        },
        "class": "car",
        "others": [],
        "number of other objects": 0,
        "captions": [
            "A dark-colored SUV is parked stationary on the right side of the road, near a house and some bushes, facing away from the viewer. From the viewer's perspective, it is the closest car among all cars in the scene.",
            "Dark SUV remains still on the right side, near a house and bushes, facing away, appearing closest to the viewer among all cars.",
            "Among the vehicles in sight, a stationary dark SUV is positioned nearest to the viewer, parked on the right, near a house and greenery."
        ],
        "attributes": [
            {
                "appearance": [
                    "dark-colored SUV"
                ],
                "status": [
                    "parked stationary"
                ],
                "relation_viewer": [
                    "on the right side of the road",
                    "facing away from the viewer",
                    "the closest car among all cars in the scene"
                ],
                "relation_others": [
                    "near a house",
                    "near some bushes"
                ]
            },
            {
                "appearance": [
                    "dark SUV"
                ],
                "status": [
                    "remains still"
                ],
                "relation_viewer": [
                    "facing away",
                    "appearing closest to the viewer"
                ],
                "relation_others": [
                    "on the right side",
                    "near a house",
                    "near bushes"
                ]
            },
            {
                "appearance": [
                    "dark SUV"
                ],
                "status": [
                    "stationary"
                ],
                "relation_viewer": [
                    "positioned nearest to the viewer",
                    "parked on the right"
                ],
                "relation_others": [
                    "near a house",
                    "near greenery"
                ]
            }
        ]
    },
    {
        "id": "thun_00_a_30_69",
        "image_path": "data/train/thun_00_a/image/000069.jpg",
        "event_path": "data/train/thun_00_a/event/000069.npz",
        "index": "4",
        "bbox": {
            "x": 519.0,
            "y": 215.0,
            "w": 120.0,
            "h": 66.0
        },
        "class": "car",
        "others": [
            {
                "id": "thun_00_a_33_69",
                "class": "car",
                "bbox": {
                    "x": 0.0,
                    "y": 196.0,
                    "w": 78.0,
                    "h": 30.0
                }
            }
        ],
        "number of other objects": 1,
        "captions": [
            "A black, modern hatchback car is parked stationary on the right side of the image, near the edge of the road, with a slight angle facing towards the left side of the viewer.",
            "Black modern hatchback remains parked on the right side, placed near the road's edge at a slight angle, directed toward the left.",
            "Angled slightly leftward, a stationary black hatchback is positioned at the rightmost side, situated close to the road boundary."
        ],
        "attributes": [
            {
                "appearance": [
                    "black, modern hatchback car"
                ],
                "status": [
                    "parked stationary"
                ],
                "relation_viewer": [
                    "on the right side of the image",
                    "facing towards the left side of the viewer"
                ],
                "relation_others": [
                    "near the edge of the road"
                ]
            },
            {
                "appearance": [
                    "black modern hatchback"
                ],
                "status": [
                    "parked"
                ],
                "relation_viewer": [
                    "on the right side",
                    "placed near the road's edge at a slight angle"
                ],
                "relation_others": [
                    "directed toward the left"
                ]
            },
            {
                "appearance": [
                    "black hatchback"
                ],
                "status": [
                    "stationary"
                ],
                "relation_viewer": [
                    "positioned at the rightmost side"
                ],
                "relation_others": [
                    "close to the road boundary"
                ]
            }
        ]
    },
    {
        "id": "thun_00_a_33_69",
        "image_path": "data/train/thun_00_a/image/000069.jpg",
        "event_path": "data/train/thun_00_a/event/000069.npz",
        "index": "0",
        "bbox": {
            "x": 0.0,
            "y": 196.0,
            "w": 78.0,
            "h": 30.0
        },
        "class": "car",
        "others": [
            {
                "id": "thun_00_a_30_69",
                "class": "car",
                "bbox": {
                    "x": 519.0,
                    "y": 215.0,
                    "w": 120.0,
                    "h": 66.0
                }
            }
        ],
        "number of other objects": 1,
        "captions": [
            "A white car is parked stationary on the left side of the image, near the entrance of a driveway, facing towards the viewer, with a building and a tree nearby.",
            "White car is stationed on the left, positioned near a driveway entrance, oriented toward the viewer, surrounded by a building and a nearby tree.",
            "Near the driveway entry, a stationary white vehicle sits parked on the left, facing forward, framed by a building and a tree."
        ],
        "attributes": [
            {
                "appearance": [
                    "white car"
                ],
                "status": [
                    "parked stationary"
                ],
                "relation_viewer": [
                    "near the entrance of a driveway",
                    "facing towards the viewer"
                ],
                "relation_others": [
                    "a building nearby",
                    "a tree nearby"
                ]
            },
            {
                "appearance": [
                    "white car"
                ],
                "status": [
                    "stationed"
                ],
                "relation_viewer": [
                    "positioned near a driveway entrance",
                    "oriented toward the viewer"
                ],
                "relation_others": [
                    "surrounded by a building",
                    "surrounded by a nearby tree"
                ]
            },
            {
                "appearance": [
                    "white vehicle"
                ],
                "status": [
                    "stationary",
                    "parked"
                ],
                "relation_viewer": [
                    "on the left"
                ],
                "relation_others": [
                    "framed by a building",
                    "framed by a tree"
                ]
            }
        ]
    },
    {
        "id": "thun_00_a_35_85",
        "image_path": "data/train/thun_00_a/image/000085.jpg",
        "event_path": "data/train/thun_00_a/event/000085.npz",
        "index": "0",
        "bbox": {
            "x": 108.0,
            "y": 206.0,
            "w": 46.0,
            "h": 35.0
        },
        "class": "car",
        "others": [
            {
                "id": "thun_00_a_29_85",
                "class": "car",
                "bbox": {
                    "x": 36.0,
                    "y": 200.0,
                    "w": 45.0,
                    "h": 33.0
                }
            }
        ],
        "number of other objects": 1,
        "captions": [
            "A black sedan is parked stationary on the left side of the image, near a building with graffiti, with its tail facing towards the viewer, and is surrounded by trees and other structures. It is positioned at a slight angle to the viewer.",
            "Black sedan is parked along the left side, positioned at an angle near a graffiti-covered building, its rear facing the viewer, surrounded by trees and urban elements.",
            "Near a structure with graffiti, a stationary black sedan remains positioned at a slight angle on the left, backed by trees and other surrounding buildings."
        ],
        "attributes": [
            {
                "appearance": [
                    "black sedan"
                ],
                "status": [
                    "parked stationary"
                ],
                "relation_viewer": [
                    "on the left side of the image",
                    "positioned at a slight angle to the viewer"
                ],
                "relation_others": [
                    "near a building with graffiti",
                    "surrounded by trees",
                    "surrounded by other structures",
                    "tail facing towards the viewer"
                ]
            },
            {
                "appearance": [
                    "black sedan"
                ],
                "status": [
                    "parked"
                ],
                "relation_viewer": [
                    "positioned at an angle near a graffiti-covered building",
                    "rear facing the viewer"
                ],
                "relation_others": [
                    "surrounded by trees",
                    "surrounded by urban elements"
                ]
            },
            {
                "appearance": [
                    "black sedan"
                ],
                "status": [
                    "stationary"
                ],
                "relation_viewer": [
                    "positioned at a slight angle on the left"
                ],
                "relation_others": [
                    "near a structure with graffiti",
                    "backed by trees",
                    "surrounded by other buildings"
                ]
            }
        ]
    },
    {
        "id": "thun_00_a_35_93",
        "image_path": "data/train/thun_00_a/image/000093.jpg",
        "event_path": "data/train/thun_00_a/event/000093.npz",
        "index": "1",
        "bbox": {
            "x": 71.0,
            "y": 205.0,
            "w": 58.0,
            "h": 41.0
        },
        "class": "car",
        "others": [
            {
                "id": "thun_00_a_24_93",
                "class": "car",
                "bbox": {
                    "x": 371.0,
                    "y": 207.0,
                    "w": 38.0,
                    "h": 31.0
                }
            },
            {
                "id": "thun_00_a_33_93",
                "class": "car",
                "bbox": {
                    "x": 32.0,
                    "y": 201.0,
                    "w": 43.0,
                    "h": 43.0
                }
            }
        ],
        "number of other objects": 2,
        "captions": [
            "A dark-colored sedan is parked stationary inside a garage on the left side of the image, surrounded by a building and a tree, facing away from the viewer, with a road leading out of the garage.",
            "Dark-colored sedan remains parked inside a garage on the left, positioned near a tree and a building, oriented away, with a road leading outward.",
            "Inside a garage on the left, a stationary dark-colored sedan faces away, surrounded by a structure and greenery, with a road extending from the exit."
        ],
        "attributes": [
            {
                "appearance": [
                    "dark-colored sedan"
                ],
                "status": [
                    "parked stationary"
                ],
                "relation_viewer": [
                    "inside a garage on the left side of the image",
                    "facing away from the viewer"
                ],
                "relation_others": [
                    "surrounded by a building",
                    "surrounded by a tree",
                    "a road leading out of the garage"
                ]
            },
            {
                "appearance": [
                    "dark-colored sedan"
                ],
                "status": [
                    "parked"
                ],
                "relation_viewer": [
                    "inside a garage on the left",
                    "positioned near a tree and a building",
                    "oriented away"
                ],
                "relation_others": [
                    "road leading outward"
                ]
            },
            {
                "appearance": [
                    "dark-colored sedan"
                ],
                "status": [
                    "stationary"
                ],
                "relation_viewer": [
                    "faces away",
                    "inside a garage on the left",
                    "positioned ahead of the viewer"
                ],
                "relation_others": [
                    "surrounded by a structure",
                    "surrounded by greenery",
                    "road extending from the exit"
                ]
            }
        ]
    },
    {
        "id": "thun_00_a_35_101",
        "image_path": "data/train/thun_00_a/image/000101.jpg",
        "event_path": "data/train/thun_00_a/event/000101.npz",
        "index": "2",
        "bbox": {
            "x": 24.0,
            "y": 209.0,
            "w": 74.0,
            "h": 45.0
        },
        "class": "car",
        "others": [
            {
                "id": "thun_00_a_24_101",
                "class": "car",
                "bbox": {
                    "x": 374.0,
                    "y": 209.0,
                    "w": 41.0,
                    "h": 34.0
                }
            },
            {
                "id": "thun_00_a_33_101",
                "class": "car",
                "bbox": {
                    "x": 0.0,
                    "y": 211.0,
                    "w": 33.0,
                    "h": 40.0
                }
            }
        ],
        "number of other objects": 2,
        "captions": [
            "A dark-colored sedan is parked stationary on the left side of the image, near a building, with its rear facing the viewer and surrounded by trees and other structures.",
            "Dark sedan stays parked along the left, near a building, positioned with its rear toward the viewer, enclosed by trees and urban structures.",
            "Near a structure, a stationary dark-colored sedan is placed on the left, backed by trees and surrounding buildings, with its rear visible to the viewer."
        ],
        "attributes": [
            {
                "appearance": [
                    "dark-colored sedan"
                ],
                "status": [
                    "parked stationary"
                ],
                "relation_viewer": [
                    "on the left side of the image",
                    "rear facing the viewer"
                ],
                "relation_others": [
                    "near a building",
                    "surrounded by trees",
                    "surrounded by other structures"
                ]
            },
            {
                "appearance": [
                    "dark sedan"
                ],
                "status": [
                    "parked"
                ],
                "relation_viewer": [
                    "near a building",
                    "rear toward the viewer"
                ],
                "relation_others": [
                    "enclosed by trees",
                    "enclosed by urban structures"
                ]
            },
            {
                "appearance": [
                    "dark-colored sedan"
                ],
                "status": [
                    "stationary"
                ],
                "relation_viewer": [
                    "placed on the left",
                    "rear visible to the viewer"
                ],
                "relation_others": [
                    "backed by trees",
                    "surrounding buildings"
                ]
            }
        ]
    },
    {
        "id": "thun_00_a_35_109",
        "image_path": "data/train/thun_00_a/image/000109.jpg",
        "event_path": "data/train/thun_00_a/event/000109.npz",
        "index": "3",
        "bbox": {
            "x": 0.0,
            "y": 205.0,
            "w": 59.0,
            "h": 56.0
        },
        "class": "car",
        "others": [
            {
                "id": "thun_00_a_24_109",
                "class": "car",
                "bbox": {
                    "x": 378.0,
                    "y": 207.0,
                    "w": 47.0,
                    "h": 36.0
                }
            }
        ],
        "number of other objects": 1,
        "captions": [
            "A black car is parked stationary on the left side of the road, near the edge of the image, in front of the viewer and next to a building and some trees.",
            "Black vehicle is parked still on the left, positioned near the edge of the frame, ahead of the viewer, adjacent to a building and trees.",
            "On the left-hand side, a stationary black car sits near the image boundary, positioned in front, next to urban structures and trees."
        ],
        "attributes": [
            {
                "appearance": [
                    "black car"
                ],
                "status": [
                    "parked stationary"
                ],
                "relation_viewer": [
                    "in front of the viewer"
                ],
                "relation_others": [
                    "next to a building",
                    "next to some trees",
                    "near the edge of the image"
                ]
            },
            {
                "appearance": [
                    "black vehicle"
                ],
                "status": [
                    "parked still"
                ],
                "relation_viewer": [
                    "positioned near the edge of the frame",
                    "positioned ahead of the viewer"
                ],
                "relation_others": [
                    "adjacent to a building",
                    "adjacent to trees"
                ]
            },
            {
                "appearance": [
                    "black car"
                ],
                "status": [
                    "stationary"
                ],
                "relation_viewer": [
                    "on the left-hand side",
                    "near the image boundary",
                    "positioned in front"
                ],
                "relation_others": [
                    "next to urban structures",
                    "next to trees"
                ]
            }
        ]
    },
    {
        "id": "thun_00_a_42_221",
        "image_path": "data/train/thun_00_a/image/000221.jpg",
        "event_path": "data/train/thun_00_a/event/000221.npz",
        "index": "0",
        "bbox": {
            "x": 0.0,
            "y": 206.0,
            "w": 85.0,
            "h": 31.0
        },
        "class": "car",
        "others": [],
        "number of other objects": 0,
        "captions": [
            "A white car is parked stationary on the left side of the road, near the edge, with a pedestrian walking nearby and a building in the background. From the viewer's perspective, it is the closest car among all cars in the scene.",
            "White vehicle is parked along the left side, positioned near the edge, with a pedestrian walking nearby and a building in the distance. It appears closest to the viewer among all cars.",
            "Near the road's edge, a stationary white car is positioned on the left, with a pedestrian moving nearby and a building in the backdrop, appearing as the closest vehicle from this angle."
        ],
        "attributes": [
            {
                "appearance": [
                    "white car"
                ],
                "status": [
                    "parked stationary"
                ],
                "relation_viewer": [
                    "on the left side of the road",
                    "near the edge",
                    "the closest car among all cars in the scene"
                ],
                "relation_others": [
                    "a pedestrian walking nearby",
                    "a building in the background"
                ]
            },
            {
                "appearance": [
                    "white vehicle"
                ],
                "status": [
                    "parked"
                ],
                "relation_viewer": [
                    "along the left side",
                    "near the edge",
                    "closest to the viewer"
                ],
                "relation_others": [
                    "pedestrian walking nearby",
                    "building in the distance"
                ]
            },
            {
                "appearance": [
                    "white car"
                ],
                "status": [
                    "stationary"
                ],
                "relation_viewer": [
                    "on the left",
                    "closest vehicle from this angle"
                ],
                "relation_others": [
                    "a pedestrian moving nearby",
                    "a building in the backdrop"
                ]
            }
        ]
    },
    {
        "id": "thun_00_a_42_229",
        "image_path": "data/train/thun_00_a/image/000229.jpg",
        "event_path": "data/train/thun_00_a/event/000229.npz",
        "index": "1",
        "bbox": {
            "x": 0.0,
            "y": 210.0,
            "w": 60.0,
            "h": 30.0
        },
        "class": "car",
        "others": [],
        "number of other objects": 0,
        "captions": [
            "A white car is parked on the left side of the road, stationary and positioned in front of the viewer, with a pedestrian walking nearby and a building adjacent to it. From the viewer's perspective, it is the closest car among all cars in the scene.",
            "White car remains still on the left side, positioned in front, near a building with a pedestrian passing close by, appearing closest in the scene.",
            "Near an adjacent structure, a stationary white vehicle is parked on the left, in front of the viewer, with a pedestrian walking beside it and positioned as the closest car in view."
        ],
        "attributes": [
            {
                "appearance": [
                    "white car"
                ],
                "status": [
                    "parked",
                    "stationary"
                ],
                "relation_viewer": [
                    "on the left side of the road",
                    "positioned in front of the viewer",
                    "closest car among all cars in the scene"
                ],
                "relation_others": [
                    "pedestrian walking nearby",
                    "building adjacent to it"
                ]
            },
            {
                "appearance": [
                    "white car"
                ],
                "status": [
                    "remains still"
                ],
                "relation_viewer": [
                    "on the left side",
                    "positioned in front"
                ],
                "relation_others": [
                    "near a building",
                    "pedestrian passing close by",
                    "appearing closest in the scene"
                ]
            },
            {
                "appearance": [
                    "white vehicle"
                ],
                "status": [
                    "stationary"
                ],
                "relation_viewer": [
                    "parked on the left",
                    "in front of the viewer"
                ],
                "relation_others": [
                    "a pedestrian walking beside it",
                    "closest car in view"
                ]
            }
        ]
    },
    {
        "id": "thun_00_a_42_237",
        "image_path": "data/train/thun_00_a/image/000237.jpg",
        "event_path": "data/train/thun_00_a/event/000237.npz",
        "index": "2",
        "bbox": {
            "x": 0.0,
            "y": 213.0,
            "w": 50.0,
            "h": 32.0
        },
        "class": "car",
        "others": [
            {
                "id": "thun_00_a_22_237",
                "class": "pedestrian",
                "bbox": {
                    "x": 108.0,
                    "y": 201.0,
                    "w": 29.0,
                    "h": 65.0
                }
            }
        ],
        "number of other objects": 1,
        "captions": [
            "A white car is parked stationary on the left side of the road, near a hedge and a pedestrian, appearing at a distance from the viewer. From the viewer's perspective, it is the closest car among all cars in the scene.",
            "White vehicle remains motionless on the left, placed near a hedge and a pedestrian, appearing at a distance, yet the closest car from this angle.",
            "Positioned near a hedge and a pedestrian, a parked white car is seen further away but remains the closest among all vehicles in the frame."
        ],
        "attributes": [
            {
                "appearance": [
                    "white car"
                ],
                "status": [
                    "parked stationary"
                ],
                "relation_viewer": [
                    "on the left side of the road",
                    "appearing at a distance from the viewer",
                    "closest car among all cars in the scene"
                ],
                "relation_others": [
                    "near a hedge",
                    "near a pedestrian"
                ]
            },
            {
                "appearance": [
                    "white vehicle"
                ],
                "status": [
                    "remains motionless"
                ],
                "relation_viewer": [
                    "on the left",
                    "appearing at a distance, yet the closest car from this angle"
                ],
                "relation_others": [
                    "near a hedge",
                    "near a pedestrian"
                ]
            },
            {
                "appearance": [
                    "white car"
                ],
                "status": [
                    "parked"
                ],
                "relation_viewer": [
                    "further away"
                ],
                "relation_others": [
                    "closest among all vehicles",
                    "near a hedge",
                    "near a pedestrian"
                ]
            }
        ]
    }
]