[
    {
        "id": "zurich_city_17_a_9_989",
        "image_path": "data/train/zurich_city_17_a/image/000989.jpg",
        "event_path": "data/train/zurich_city_17_a/event/000989.npz",
        "index": "4",
        "bbox": {
            "x": 501.0,
            "y": 203.0,
            "w": 103.0,
            "h": 61.0
        },
        "class": "car",
        "others": [],
        "number of other objects": 0,
        "captions": [
            "A gray-colored compact car is parked stationary on the right side of the image, near the edge of the road, angled slightly towards the left, with a hedge and a house with a sloped roof in the background.",
            "Gray-colored compact car is parked stationary on the right side of the image, near the edge of the road, angled slightly towards the left, with a hedge and a house with a sloped roof in the background.",
            "On the right side of the image, a gray-colored compact car is parked stationary near the edge of the road, angled slightly towards the left, with a hedge and a house with a sloped roof in the background."
        ],
        "attributes": [
            {
                "appearance": [
                    "gray-colored compact car"
                ],
                "status": [
                    "parked stationary"
                ],
                "relation_viewer": [
                    "on the right side of the image",
                    "near the edge of the road",
                    "angled slightly towards the left"
                ],
                "relation_others": [
                    "hedge in the background",
                    "house with a sloped roof in the background"
                ]
            },
            {
                "appearance": [
                    "gray-colored compact car"
                ],
                "status": [
                    "parked stationary"
                ],
                "relation_viewer": [
                    "on the right side of the image",
                    "near the edge of the road",
                    "angled slightly towards the left"
                ],
                "relation_others": [
                    "hedge in the background",
                    "house with a sloped roof in the background"
                ]
            },
            {
                "appearance": [
                    "gray-colored compact car"
                ],
                "status": [
                    "parked stationary"
                ],
                "relation_viewer": [
                    "on the right side of the image",
                    "angled slightly towards the left"
                ],
                "relation_others": [
                    "near the edge of the road",
                    "hedge in the background",
                    "house with a sloped roof in the background"
                ]
            }
        ]
    },
    {
        "id": "zurich_city_17_a_9_997",
        "image_path": "data/train/zurich_city_17_a/image/000997.jpg",
        "event_path": "data/train/zurich_city_17_a/event/000997.npz",
        "index": "5",
        "bbox": {
            "x": 435.0,
            "y": 199.0,
            "w": 107.0,
            "h": 70.0
        },
        "class": "car",
        "others": [],
        "number of other objects": 0,
        "captions": [
            "A gray hatchback car with black rims is parked stationary on the right side of the image, near the edge of the road, surrounded by trees and houses in the background.",
            "Gray hatchback car with black rims is parked stationary on the right side of the image, near the edge of the road, surrounded by trees and houses in the background.",
            "On the right side of the image, a gray hatchback car with black rims is parked stationary near the edge of the road, surrounded by trees and houses in the background."
        ],
        "attributes": [
            {
                "appearance": [
                    "gray hatchback car",
                    "black rims"
                ],
                "status": [
                    "parked stationary"
                ],
                "relation_viewer": [
                    "on the right side of the image",
                    "near the edge of the road"
                ],
                "relation_others": [
                    "surrounded by trees",
                    "surrounded by houses in the background"
                ]
            },
            {
                "appearance": [
                    "gray hatchback car with black rims"
                ],
                "status": [
                    "parked stationary"
                ],
                "relation_viewer": [
                    "on the right side of the image",
                    "near the edge of the road"
                ],
                "relation_others": [
                    "surrounded by trees",
                    "surrounded by houses in the background"
                ]
            },
            {
                "appearance": [
                    "gray hatchback car",
                    "black rims"
                ],
                "status": [
                    "parked stationary"
                ],
                "relation_viewer": [
                    "on the right side of the image"
                ],
                "relation_others": [
                    "surrounded by trees",
                    "surrounded by houses in the background"
                ]
            }
        ]
    },
    {
        "id": "zurich_city_17_a_9_1005",
        "image_path": "data/train/zurich_city_17_a/image/001005.jpg",
        "event_path": "data/train/zurich_city_17_a/event/001005.npz",
        "index": "6",
        "bbox": {
            "x": 356.0,
            "y": 195.0,
            "w": 121.0,
            "h": 85.0
        },
        "class": "car",
        "others": [],
        "number of other objects": 0,
        "captions": [
            "A gray hatchback car is parked stationary on the center-right of the image, partially hidden by a hedge, with its front facing towards the left.",
            "Gray hatchback car is parked stationary on the center-right of the image, partially hidden by a hedge, with its front facing towards the left.",
            "On the center-right of the image, a gray hatchback car is parked stationary, partially hidden by a hedge, with its front facing towards the left."
        ],
        "attributes": [
            {
                "appearance": [
                    "gray hatchback car"
                ],
                "status": [
                    "parked stationary"
                ],
                "relation_viewer": [
                    "on the center-right of the image",
                    "front facing towards the left"
                ],
                "relation_others": [
                    "partially hidden by a hedge"
                ]
            },
            {
                "appearance": [
                    "gray hatchback car"
                ],
                "status": [
                    "parked stationary"
                ],
                "relation_viewer": [
                    "on the center-right of the image"
                ],
                "relation_others": [
                    "partially hidden by a hedge",
                    "front facing towards the left"
                ]
            },
            {
                "appearance": [
                    "gray hatchback car"
                ],
                "status": [
                    "parked stationary"
                ],
                "relation_viewer": [
                    "on the center-right of the image",
                    "front facing towards the left"
                ],
                "relation_others": [
                    "partially hidden by a hedge"
                ]
            }
        ]
    },
    {
        "id": "zurich_city_17_a_9_1013",
        "image_path": "data/train/zurich_city_17_a/image/001013.jpg",
        "event_path": "data/train/zurich_city_17_a/event/001013.npz",
        "index": "7",
        "bbox": {
            "x": 263.0,
            "y": 197.0,
            "w": 145.0,
            "h": 99.0
        },
        "class": "car",
        "others": [],
        "number of other objects": 0,
        "captions": [
            "A gray-colored car with black rims is parked stationary on the side of the road, slightly to the left of the center of the image, behind a hedge, with trees and houses in the background.",
            "Gray-colored car with black rims is parked stationary on the side of the road, slightly to the left of the center of the image, behind a hedge, with trees and houses in the background.",
            "On the side of the road, a gray-colored car with black rims is parked stationary, slightly to the left of the center of the image, behind a hedge, with trees and houses in the background."
        ],
        "attributes": [
            {
                "appearance": [
                    "gray-colored car",
                    "black rims"
                ],
                "status": [
                    "parked stationary"
                ],
                "relation_viewer": [
                    "on the side of the road",
                    "slightly to the left of the center of the image"
                ],
                "relation_others": [
                    "behind a hedge",
                    "trees and houses in the background"
                ]
            },
            {
                "appearance": [
                    "gray-colored car",
                    "black rims"
                ],
                "status": [
                    "parked stationary"
                ],
                "relation_viewer": [
                    "on the side of the road",
                    "slightly to the left of the center of the image"
                ],
                "relation_others": [
                    "behind a hedge",
                    "trees and houses in the background"
                ]
            },
            {
                "appearance": [
                    "gray-colored car",
                    "black rims"
                ],
                "status": [
                    "parked stationary"
                ],
                "relation_viewer": [
                    "slightly to the left of the center of the image"
                ],
                "relation_others": [
                    "behind a hedge",
                    "trees and houses in the background"
                ]
            }
        ]
    },
    {
        "id": "zurich_city_17_a_9_1021",
        "image_path": "data/train/zurich_city_17_a/image/001021.jpg",
        "event_path": "data/train/zurich_city_17_a/event/001021.npz",
        "index": "8",
        "bbox": {
            "x": 138.0,
            "y": 199.0,
            "w": 193.0,
            "h": 126.0
        },
        "class": "car",
        "others": [],
        "number of other objects": 0,
        "captions": [
            "A gray-colored car is parked stationary on the side of the road, positioned in the foreground of the image, with houses and trees in the background.",
            "Gray-colored car is parked stationary on the side of the road, positioned in the foreground of the image, with houses and trees in the background.",
            "On the side of the road, a gray-colored car is parked stationary in the foreground, with houses and trees in the background."
        ],
        "attributes": [
            {
                "appearance": [
                    "gray-colored car"
                ],
                "status": [
                    "parked stationary"
                ],
                "relation_viewer": [
                    "positioned in the foreground of the image"
                ],
                "relation_others": [
                    "houses and trees in the background"
                ]
            },
            {
                "appearance": [
                    "gray-colored car"
                ],
                "status": [
                    "parked stationary"
                ],
                "relation_viewer": [
                    "positioned in the foreground of the image"
                ],
                "relation_others": [
                    "houses and trees in the background"
                ]
            },
            {
                "appearance": [
                    "gray-colored car"
                ],
                "status": [
                    "parked stationary"
                ],
                "relation_viewer": [
                    "in the foreground"
                ],
                "relation_others": [
                    "houses and trees in the background"
                ]
            }
        ]
    },
    {
        "id": "zurich_city_17_a_9_1029",
        "image_path": "data/train/zurich_city_17_a/image/001029.jpg",
        "event_path": "data/train/zurich_city_17_a/event/001029.npz",
        "index": "9",
        "bbox": {
            "x": 0.0,
            "y": 201.0,
            "w": 239.0,
            "h": 176.0
        },
        "class": "car",
        "others": [],
        "number of other objects": 0,
        "captions": [
            "A gray hatchback car with black wheels is parked stationary on the left side of the image, facing towards the bottom left side of the image, with trees and houses in the background.",
            "Gray hatchback car with black wheels is parked stationary on the left side of the image, facing towards the bottom left side of the image, with trees and houses in the background.",
            "On the left side of the image, a gray hatchback car with black wheels is parked stationary, facing towards the bottom left side of the image, with trees and houses in the background."
        ],
        "attributes": [
            {
                "appearance": [
                    "gray hatchback car",
                    "black wheels"
                ],
                "status": [
                    "parked stationary"
                ],
                "relation_viewer": [
                    "on the left side of the image",
                    "facing towards the bottom left side of the image"
                ],
                "relation_others": [
                    "trees and houses in the background"
                ]
            },
            {
                "appearance": [
                    "gray hatchback car",
                    "black wheels"
                ],
                "status": [
                    "parked stationary"
                ],
                "relation_viewer": [
                    "on the left side of the image",
                    "facing towards the bottom left side of the image"
                ],
                "relation_others": [
                    "trees and houses in the background"
                ]
            },
            {
                "appearance": [
                    "gray hatchback car",
                    "black wheels"
                ],
                "status": [
                    "parked stationary"
                ],
                "relation_viewer": [
                    "on the left side of the image",
                    "facing towards the bottom left side of the image"
                ],
                "relation_others": [
                    "trees and houses in the background"
                ]
            }
        ]
    },
    {
        "id": "zurich_city_17_a_14_1157",
        "image_path": "data/train/zurich_city_17_a/image/001157.jpg",
        "event_path": "data/train/zurich_city_17_a/event/001157.npz",
        "index": "1",
        "bbox": {
            "x": 476.0,
            "y": 186.0,
            "w": 127.0,
            "h": 51.0
        },
        "class": "car",
        "others": [],
        "number of other objects": 0,
        "captions": [
            "A white SUV is parked stationary in a parking lot on the right side of the image, viewed from the rear-left angle, with a building and other vehicles nearby.",
            "White SUV is parked stationary in a parking lot on the right side of the image, viewed from the rear-left angle, with a building and other vehicles nearby.",
            "In a parking lot on the right side of the image, a white SUV is parked stationary, viewed from the rear-left angle, with a building and other vehicles nearby."
        ],
        "attributes": [
            {
                "appearance": [
                    "white SUV"
                ],
                "status": [
                    "parked stationary"
                ],
                "relation_viewer": [
                    "on the right side of the image",
                    "viewed from the rear-left angle"
                ],
                "relation_others": [
                    "with a building nearby",
                    "with other vehicles nearby"
                ]
            },
            {
                "appearance": [
                    "white SUV"
                ],
                "status": [
                    "parked stationary"
                ],
                "relation_viewer": [
                    "on the right side of the image",
                    "viewed from the rear-left angle"
                ],
                "relation_others": [
                    "with a building nearby",
                    "with other vehicles nearby"
                ]
            },
            {
                "appearance": [
                    "white SUV"
                ],
                "status": [
                    "parked stationary"
                ],
                "relation_viewer": [
                    "on the right side of the image",
                    "viewed from the rear-left angle"
                ],
                "relation_others": [
                    "with a building nearby",
                    "with other vehicles nearby"
                ]
            }
        ]
    },
    {
        "id": "zurich_city_17_a_14_1165",
        "image_path": "data/train/zurich_city_17_a/image/001165.jpg",
        "event_path": "data/train/zurich_city_17_a/event/001165.npz",
        "index": "2",
        "bbox": {
            "x": 380.0,
            "y": 188.0,
            "w": 125.0,
            "h": 51.0
        },
        "class": "car",
        "others": [],
        "number of other objects": 0,
        "captions": [
            "A white SUV is parked stationary in the center-right portion of the image, near a building, and is seen from the rear-left side, surrounded by a fence and some trees.",
            "White SUV is parked stationary in the center-right portion of the image, near a building, and is seen from the rear-left side, surrounded by a fence and some trees.",
            "In the center-right portion of the image, a white SUV is parked stationary, near a building, and is seen from the rear-left side, surrounded by a fence and some trees."
        ],
        "attributes": [
            {
                "appearance": [
                    "white SUV"
                ],
                "status": [
                    "parked stationary"
                ],
                "relation_viewer": [
                    "in the center-right portion of the image",
                    "seen from the rear-left side"
                ],
                "relation_others": [
                    "near a building",
                    "surrounded by a fence",
                    "surrounded by some trees"
                ]
            },
            {
                "appearance": [
                    "white SUV"
                ],
                "status": [
                    "parked stationary"
                ],
                "relation_viewer": [
                    "in the center-right portion of the image",
                    "seen from the rear-left side"
                ],
                "relation_others": [
                    "near a building",
                    "surrounded by a fence",
                    "surrounded by some trees"
                ]
            },
            {
                "appearance": [
                    "white SUV"
                ],
                "status": [
                    "parked stationary"
                ],
                "relation_viewer": [
                    "near a building",
                    "seen from the rear-left side"
                ],
                "relation_others": [
                    "surrounded by a fence",
                    "surrounded by some trees"
                ]
            }
        ]
    },
    {
        "id": "zurich_city_17_a_14_1173",
        "image_path": "data/train/zurich_city_17_a/image/001173.jpg",
        "event_path": "data/train/zurich_city_17_a/event/001173.npz",
        "index": "3",
        "bbox": {
            "x": 284.0,
            "y": 188.0,
            "w": 132.0,
            "h": 53.0
        },
        "class": "car",
        "others": [],
        "number of other objects": 0,
        "captions": [
            "A white SUV is parked stationary under a carport in the center of the image, viewed from a distance, and surrounded by a fence and trees.",
            "White SUV is parked stationary under a carport in the center of the image, viewed from a distance, and surrounded by a fence and trees.",
            "Under a carport in the center of the image, a white SUV is parked stationary, viewed from a distance, and surrounded by a fence and trees."
        ],
        "attributes": [
            {
                "appearance": [
                    "white SUV"
                ],
                "status": [
                    "parked stationary"
                ],
                "relation_viewer": [
                    "under a carport in the center of the image",
                    "viewed from a distance"
                ],
                "relation_others": [
                    "surrounded by a fence",
                    "surrounded by trees"
                ]
            },
            {
                "appearance": [
                    "white SUV"
                ],
                "status": [
                    "parked stationary"
                ],
                "relation_viewer": [
                    "in the center of the image",
                    "viewed from a distance"
                ],
                "relation_others": [
                    "surrounded by a fence",
                    "surrounded by trees"
                ]
            },
            {
                "appearance": [
                    "white SUV"
                ],
                "status": [
                    "parked stationary"
                ],
                "relation_viewer": [
                    "viewed from a distance"
                ],
                "relation_others": [
                    "surrounded by a fence",
                    "surrounded by trees"
                ]
            }
        ]
    },
    {
        "id": "zurich_city_17_a_14_1181",
        "image_path": "data/train/zurich_city_17_a/image/001181.jpg",
        "event_path": "data/train/zurich_city_17_a/event/001181.npz",
        "index": "4",
        "bbox": {
            "x": 188.0,
            "y": 187.0,
            "w": 144.0,
            "h": 57.0
        },
        "class": "car",
        "others": [],
        "number of other objects": 0,
        "captions": [
            "A white SUV is parked stationary in a parking lot on the center-left side of the image, near a building, and is surrounded by other parked vehicles and bicycles.",
            "White SUV is parked stationary in a parking lot on the center-left side of the image, near a building, and is surrounded by other parked vehicles and bicycles.",
            "In a parking lot on the center-left side of the image, a white SUV is parked stationary, near a building, and surrounded by other parked vehicles and bicycles."
        ],
        "attributes": [
            {
                "appearance": [
                    "white SUV"
                ],
                "status": [
                    "parked stationary"
                ],
                "relation_viewer": [
                    "in a parking lot on the center-left side of the image"
                ],
                "relation_others": [
                    "near a building",
                    "surrounded by other parked vehicles",
                    "surrounded by bicycles"
                ]
            },
            {
                "appearance": [
                    "white SUV"
                ],
                "status": [
                    "parked stationary"
                ],
                "relation_viewer": [
                    "in a parking lot on the center-left side of the image"
                ],
                "relation_others": [
                    "near a building",
                    "surrounded by other parked vehicles",
                    "surrounded by bicycles"
                ]
            },
            {
                "appearance": [
                    "white SUV"
                ],
                "status": [
                    "parked stationary"
                ],
                "relation_viewer": [
                    "on the center-left side of the image"
                ],
                "relation_others": [
                    "near a building",
                    "surrounded by other parked vehicles",
                    "surrounded by bicycles"
                ]
            }
        ]
    },
    {
        "id": "zurich_city_17_a_14_1189",
        "image_path": "data/train/zurich_city_17_a/image/001189.jpg",
        "event_path": "data/train/zurich_city_17_a/event/001189.npz",
        "index": "5",
        "bbox": {
            "x": 105.0,
            "y": 188.0,
            "w": 166.0,
            "h": 62.0
        },
        "class": "car",
        "others": [],
        "number of other objects": 0,
        "captions": [
            "A white SUV is parked stationary on the left side of the image, near the entrance of a parking lot, with buildings and trees in the background.",
            "White SUV is parked stationary on the left side of the image, near the entrance of a parking lot, with buildings and trees in the background.",
            "On the left side of the image, a white SUV is parked stationary, near the entrance of a parking lot, with buildings and trees in the background."
        ],
        "attributes": [
            {
                "appearance": [
                    "white SUV"
                ],
                "status": [
                    "parked stationary"
                ],
                "relation_viewer": [
                    "on the left side of the image"
                ],
                "relation_others": [
                    "near the entrance of a parking lot",
                    "buildings and trees in the background"
                ]
            },
            {
                "appearance": [
                    "white SUV"
                ],
                "status": [
                    "parked stationary"
                ],
                "relation_viewer": [
                    "on the left side of the image"
                ],
                "relation_others": [
                    "near the entrance of a parking lot",
                    "buildings and trees in the background"
                ]
            },
            {
                "appearance": [
                    "white SUV"
                ],
                "status": [
                    "parked stationary"
                ],
                "relation_viewer": [
                    "on the left side of the image"
                ],
                "relation_others": [
                    "near the entrance of a parking lot",
                    "buildings and trees in the background"
                ]
            }
        ]
    },
    {
        "id": "zurich_city_17_a_14_1197",
        "image_path": "data/train/zurich_city_17_a/image/001197.jpg",
        "event_path": "data/train/zurich_city_17_a/event/001197.npz",
        "index": "6",
        "bbox": {
            "x": 44.0,
            "y": 188.0,
            "w": 188.0,
            "h": 71.0
        },
        "class": "car",
        "others": [],
        "number of other objects": 0,
        "captions": [
            "A white SUV is parked stationary on the left side of the image, near a building, and is surrounded by other parked cars and trees.",
            "White SUV is parked stationary on the left side of the image, near a building, and is surrounded by other parked cars and trees.",
            "On the left side of the image, a white SUV is parked stationary, near a building, and surrounded by other parked cars and trees."
        ],
        "attributes": [
            {
                "appearance": [
                    "white SUV"
                ],
                "status": [
                    "parked stationary"
                ],
                "relation_viewer": [
                    "on the left side of the image"
                ],
                "relation_others": [
                    "near a building",
                    "surrounded by other parked cars",
                    "surrounded by trees"
                ]
            },
            {
                "appearance": [
                    "white SUV"
                ],
                "status": [
                    "parked stationary"
                ],
                "relation_viewer": [
                    "on the left side of the image"
                ],
                "relation_others": [
                    "near a building",
                    "surrounded by other parked cars",
                    "surrounded by trees"
                ]
            },
            {
                "appearance": [
                    "white SUV"
                ],
                "status": [
                    "parked stationary"
                ],
                "relation_viewer": [
                    "on the left side of the image"
                ],
                "relation_others": [
                    "near a building",
                    "surrounded by other parked cars",
                    "surrounded by trees"
                ]
            }
        ]
    },
    {
        "id": "zurich_city_17_a_14_1205",
        "image_path": "data/train/zurich_city_17_a/image/001205.jpg",
        "event_path": "data/train/zurich_city_17_a/event/001205.npz",
        "index": "7",
        "bbox": {
            "x": 0.0,
            "y": 186.0,
            "w": 201.0,
            "h": 85.0
        },
        "class": "car",
        "others": [],
        "number of other objects": 0,
        "captions": [
            "A white SUV is parked stationary on the left side of the road, near a building, and is separated from the road by a curb.",
            "White SUV is parked stationary on the left side of the road, near a building, and is separated from the road by a curb.",
            "On the left side of the road, a white SUV is parked stationary, near a building, and separated from the road by a curb."
        ],
        "attributes": [
            {
                "appearance": [
                    "white SUV"
                ],
                "status": [
                    "parked stationary"
                ],
                "relation_viewer": [
                    "on the left side of the road"
                ],
                "relation_others": [
                    "near a building",
                    "separated from the road by a curb"
                ]
            },
            {
                "appearance": [
                    "white SUV"
                ],
                "status": [
                    "parked stationary"
                ],
                "relation_viewer": [
                    "on the left side of the road"
                ],
                "relation_others": [
                    "near a building",
                    "separated from the road by a curb"
                ]
            },
            {
                "appearance": [
                    "white SUV"
                ],
                "status": [
                    "parked stationary"
                ],
                "relation_viewer": [
                    "on the left side of the road"
                ],
                "relation_others": [
                    "near a building",
                    "separated from the road by a curb"
                ]
            }
        ]
    },
    {
        "id": "zurich_city_17_a_14_1213",
        "image_path": "data/train/zurich_city_17_a/image/001213.jpg",
        "event_path": "data/train/zurich_city_17_a/event/001213.npz",
        "index": "8",
        "bbox": {
            "x": 0.0,
            "y": 184.0,
            "w": 172.0,
            "h": 100.0
        },
        "class": "car",
        "others": [],
        "number of other objects": 0,
        "captions": [
            "A white SUV is parked stationary on the left side of the road, near a building and surrounded by trees and bushes.",
            "White SUV is parked stationary on the left side of the road, near a building and surrounded by trees and bushes.",
            "On the left side of the road, a white SUV is parked stationary, near a building and surrounded by trees and bushes."
        ],
        "attributes": [
            {
                "appearance": [
                    "white SUV"
                ],
                "status": [
                    "parked stationary"
                ],
                "relation_viewer": [
                    "on the left side of the road"
                ],
                "relation_others": [
                    "near a building",
                    "surrounded by trees",
                    "surrounded by bushes"
                ]
            },
            {
                "appearance": [
                    "white SUV"
                ],
                "status": [
                    "parked stationary"
                ],
                "relation_viewer": [
                    "on the left side of the road"
                ],
                "relation_others": [
                    "near a building",
                    "surrounded by trees",
                    "surrounded by bushes"
                ]
            },
            {
                "appearance": [
                    "white SUV"
                ],
                "status": [
                    "parked stationary"
                ],
                "relation_viewer": [
                    "on the left side of the road"
                ],
                "relation_others": [
                    "near a building",
                    "surrounded by trees",
                    "surrounded by bushes"
                ]
            }
        ]
    },
    {
        "id": "zurich_city_17_a_18_1445",
        "image_path": "data/train/zurich_city_17_a/image/001445.jpg",
        "event_path": "data/train/zurich_city_17_a/event/001445.npz",
        "index": "0",
        "bbox": {
            "x": 457.0,
            "y": 191.0,
            "w": 52.0,
            "h": 31.0
        },
        "class": "car",
        "others": [
            {
                "id": "zurich_city_17_a_21_1445",
                "class": "car",
                "bbox": {
                    "x": 392.0,
                    "y": 187.0,
                    "w": 55.0,
                    "h": 35.0
                }
            }
        ],
        "number of other objects": 1,
        "captions": [
            "A white car is parked stationary on the center-right side of the image, near the edge of the driveway, with a tree and a pedestrian sign nearby. There is a black car parked alongside it, on its left side.",
            "White car is parked stationary on the center-right side of the image, near the edge of the driveway, with a tree and a pedestrian sign nearby. There is a black car parked alongside it, on its left side.",
            "On the center-right side of the image, a white car is parked stationary, near the edge of the driveway, with a tree and a pedestrian sign nearby. A black car is parked alongside it, on its left side."
        ],
        "attributes": [
            {
                "appearance": [
                    "white car",
                    "black car"
                ],
                "status": [
                    "parked stationary"
                ],
                "relation_viewer": [
                    "on the center-right side of the image",
                    "near the edge of the driveway"
                ],
                "relation_others": [
                    "a black car parked alongside it on its left side",
                    "nearby a tree and a pedestrian sign"
                ]
            },
            {
                "appearance": [
                    "white car",
                    "black car"
                ],
                "status": [
                    "parked stationary"
                ],
                "relation_viewer": [
                    "on the center-right side of the image",
                    "near the edge of the driveway"
                ],
                "relation_others": [
                    "a black car parked alongside it on its left side",
                    "nearby a tree and a pedestrian sign"
                ]
            },
            {
                "appearance": [
                    "white car",
                    "black car"
                ],
                "status": [
                    "parked stationary"
                ],
                "relation_viewer": [
                    "on the center-right side of the image"
                ],
                "relation_others": [
                    "near the edge of the driveway",
                    "a tree nearby",
                    "a pedestrian sign nearby",
                    "black car parked alongside it on its left side"
                ]
            }
        ]
    },
    {
        "id": "zurich_city_17_a_18_1453",
        "image_path": "data/train/zurich_city_17_a/image/001453.jpg",
        "event_path": "data/train/zurich_city_17_a/event/001453.npz",
        "index": "1",
        "bbox": {
            "x": 545.0,
            "y": 186.0,
            "w": 58.0,
            "h": 32.0
        },
        "class": "car",
        "others": [
            {
                "id": "zurich_city_17_a_21_1453",
                "class": "car",
                "bbox": {
                    "x": 476.0,
                    "y": 180.0,
                    "w": 54.0,
                    "h": 36.0
                }
            }
        ],
        "number of other objects": 1,
        "captions": [
            "A white car is parked stationary on the right side of the image, near a building with multiple garage doors, and is located next to another vehicle on its left, and close to a bicycle lane sign.",
            "White car is parked stationary on the right side of the image, near a building with multiple garage doors, and is located next to another vehicle on its left, and close to a bicycle lane sign.",
            "On the right side of the image, a white car is parked stationary, near a building with multiple garage doors, next to another vehicle on its left, and close to a bicycle lane sign."
        ],
        "attributes": [
            {
                "appearance": [
                    "white car"
                ],
                "status": [
                    "parked stationary"
                ],
                "relation_viewer": [
                    "on the right side of the image"
                ],
                "relation_others": [
                    "next to another vehicle on its left",
                    "close to a bicycle lane sign"
                ]
            },
            {
                "appearance": [
                    "white car"
                ],
                "status": [
                    "parked stationary"
                ],
                "relation_viewer": [
                    "on the right side of the image"
                ],
                "relation_others": [
                    "next to another vehicle on its left",
                    "close to a bicycle lane sign",
                    "near a building with multiple garage doors"
                ]
            },
            {
                "appearance": [
                    "white car"
                ],
                "status": [
                    "parked stationary"
                ],
                "relation_viewer": [
                    "on the right side of the image"
                ],
                "relation_others": [
                    "near a building with multiple garage doors",
                    "next to another vehicle on its left",
                    "close to a bicycle lane sign"
                ]
            }
        ]
    },
    {
        "id": "zurich_city_17_a_21_1381",
        "image_path": "data/train/zurich_city_17_a/image/001381.jpg",
        "event_path": "data/train/zurich_city_17_a/event/001381.npz",
        "index": "0",
        "bbox": {
            "x": 80.0,
            "y": 194.0,
            "w": 47.0,
            "h": 29.0
        },
        "class": "car",
        "others": [],
        "number of other objects": 0,
        "captions": [
            "A dark-colored car is stationary on the left side of the image, parked next to a white vehicle to its right, and surrounded by trees and a building.",
            "Dark-colored car is stationary on the left side of the image, parked next to a white vehicle to its right, and surrounded by trees and a building.",
            "On the left side of the image, a dark-colored car is stationary, parked next to a white vehicle to its right, and surrounded by trees and a building."
        ],
        "attributes": [
            {
                "appearance": [
                    "dark-colored car"
                ],
                "status": [
                    "stationary"
                ],
                "relation_viewer": [
                    "on the left side of the image"
                ],
                "relation_others": [
                    "parked next to a white vehicle",
                    "surrounded by trees",
                    "surrounded by a building"
                ]
            },
            {
                "appearance": [
                    "dark-colored car"
                ],
                "status": [
                    "stationary"
                ],
                "relation_viewer": [
                    "on the left side of the image"
                ],
                "relation_others": [
                    "parked next to a white vehicle",
                    "surrounded by trees",
                    "surrounded by a building"
                ]
            },
            {
                "appearance": [
                    "dark-colored car"
                ],
                "status": [
                    "stationary"
                ],
                "relation_viewer": [
                    "on the left side of the image"
                ],
                "relation_others": [
                    "parked next to a white vehicle",
                    "surrounded by trees",
                    "surrounded by a building"
                ]
            }
        ]
    },
    {
        "id": "zurich_city_17_a_21_1397",
        "image_path": "data/train/zurich_city_17_a/image/001397.jpg",
        "event_path": "data/train/zurich_city_17_a/event/001397.npz",
        "index": "1",
        "bbox": {
            "x": 59.0,
            "y": 192.0,
            "w": 54.0,
            "h": 31.0
        },
        "class": "car",
        "others": [],
        "number of other objects": 0,
        "captions": [
            "A dark-colored car is parked stationary on the left-most side of the image, near a parking area, surrounded by trees and a building, and is positioned at a distance from the viewer. There is a white car parked alongside it, on its right.",
            "Dark-colored car is parked stationary on the left-most side of the image, near a parking area, surrounded by trees and a building, and is positioned at a distance from the viewer. There is a white car parked alongside it, on its right.",
            "On the left-most side of the image, a dark-colored car is parked stationary, near a parking area, surrounded by trees and a building, positioned at a distance from the viewer. A white car is parked alongside it, on its right."
        ],
        "attributes": [
            {
                "appearance": [
                    "dark-colored car",
                    "white car"
                ],
                "status": [
                    "parked stationary"
                ],
                "relation_viewer": [
                    "on the left-most side of the image",
                    "positioned at a distance from the viewer"
                ],
                "relation_others": [
                    "surrounded by trees",
                    "surrounded by a building",
                    "white car parked alongside it on its right"
                ]
            },
            {
                "appearance": [
                    "dark-colored car",
                    "white car"
                ],
                "status": [
                    "parked stationary"
                ],
                "relation_viewer": [
                    "on the left-most side of the image",
                    "positioned at a distance from the viewer"
                ],
                "relation_others": [
                    "surrounded by trees",
                    "surrounded by a building",
                    "white car parked alongside it on its right"
                ]
            },
            {
                "appearance": [
                    "dark-colored car",
                    "white car"
                ],
                "status": [
                    "parked stationary"
                ],
                "relation_viewer": [
                    "on the left-most side of the image",
                    "positioned at a distance from the viewer"
                ],
                "relation_others": [
                    "near a parking area",
                    "surrounded by trees",
                    "surrounded by a building",
                    "white car parked alongside it on its right"
                ]
            }
        ]
    },
    {
        "id": "zurich_city_17_a_21_1405",
        "image_path": "data/train/zurich_city_17_a/image/001405.jpg",
        "event_path": "data/train/zurich_city_17_a/event/001405.npz",
        "index": "2",
        "bbox": {
            "x": 65.0,
            "y": 192.0,
            "w": 56.0,
            "h": 32.0
        },
        "class": "car",
        "others": [],
        "number of other objects": 0,
        "captions": [
            "A dark-colored car is parked stationary on the left-most side of the image, near a blue circular sign, in front of the viewer, surrounded by trees and a residential building. There is a white car parked alongside it, on its right.",
            "A dark-colored car is parked stationary on the left-most side of the image, near a blue circular sign, in front of the viewer, surrounded by trees and a residential building. A white car is parked alongside it, on its right.",
            "On the left-most side of the image, a dark-colored car is parked stationary, near a blue circular sign, surrounded by trees and a residential building. A white car is parked alongside it, on its right."
        ],
        "attributes": [
            {
                "appearance": [
                    "dark-colored car",
                    "white car"
                ],
                "status": [
                    "parked stationary"
                ],
                "relation_viewer": [
                    "on the left-most side of the image",
                    "in front of the viewer"
                ],
                "relation_others": [
                    "near a blue circular sign",
                    "surrounded by trees",
                    "surrounded by a residential building",
                    "a white car parked alongside it, on its right"
                ]
            },
            {
                "appearance": [
                    "dark-colored car",
                    "white car"
                ],
                "status": [
                    "parked stationary"
                ],
                "relation_viewer": [
                    "on the left-most side of the image",
                    "in front of the viewer"
                ],
                "relation_others": [
                    "near a blue circular sign",
                    "parked alongside it on its right",
                    "surrounded by trees",
                    "surrounded by a residential building"
                ]
            },
            {
                "appearance": [
                    "dark-colored car",
                    "white car"
                ],
                "status": [
                    "parked stationary"
                ],
                "relation_viewer": [
                    "on the left-most side of the image"
                ],
                "relation_others": [
                    "near a blue circular sign",
                    "surrounded by trees",
                    "surrounded by a residential building",
                    "white car parked alongside it, on its right"
                ]
            }
        ]
    },
    {
        "id": "zurich_city_17_a_21_1413",
        "image_path": "data/train/zurich_city_17_a/image/001413.jpg",
        "event_path": "data/train/zurich_city_17_a/event/001413.npz",
        "index": "3",
        "bbox": {
            "x": 96.0,
            "y": 192.0,
            "w": 55.0,
            "h": 32.0
        },
        "class": "car",
        "others": [],
        "number of other objects": 0,
        "captions": [
            "A dark-colored car is parked stationary on the left-most side of the image, near a driveway and surrounded by trees and a house in the background. There is a white car parked next to it, on its right.",
            "Dark-colored car is parked stationary on the left-most side of the image, near a driveway and surrounded by trees and a house in the background. A white car is parked next to it, on its right.",
            "On the left-most side of the image, a dark-colored car is parked stationary, near a driveway, surrounded by trees and a house in the background. A white car is parked next to it, on its right."
        ],
        "attributes": [
            {
                "appearance": [
                    "dark-colored car",
                    "white car"
                ],
                "status": [
                    "parked stationary"
                ],
                "relation_viewer": [
                    "on the left-most side of the image"
                ],
                "relation_others": [
                    "next to a white car on its right",
                    "surrounded by trees",
                    "surrounded by a house in the background"
                ]
            },
            {
                "appearance": [
                    "dark-colored car",
                    "white car"
                ],
                "status": [
                    "parked stationary"
                ],
                "relation_viewer": [
                    "on the left-most side of the image"
                ],
                "relation_others": [
                    "next to a white car on its right",
                    "surrounded by trees and a house in the background"
                ]
            },
            {
                "appearance": [
                    "dark-colored car",
                    "white car"
                ],
                "status": [
                    "parked stationary"
                ],
                "relation_viewer": [
                    "on the left-most side of the image"
                ],
                "relation_others": [
                    "near a driveway",
                    "surrounded by trees",
                    "surrounded by a house in the background",
                    "white car parked next to it on its right"
                ]
            }
        ]
    },
    {
        "id": "zurich_city_17_a_21_1421",
        "image_path": "data/train/zurich_city_17_a/image/001421.jpg",
        "event_path": "data/train/zurich_city_17_a/event/001421.npz",
        "index": "4",
        "bbox": {
            "x": 157.0,
            "y": 194.0,
            "w": 50.0,
            "h": 32.0
        },
        "class": "car",
        "others": [],
        "number of other objects": 0,
        "captions": [
            "A dark-colored car is parked stationary on the left side of the image, near a blue circular sign, with trees and vegetation surrounding it. There is a white car parked alongside it, on its right.",
            "A dark-colored car is parked stationary on the left side of the image, near a blue circular sign, with trees and vegetation surrounding it. A white car is parked alongside it, on its right.",
            "On the left side of the image, a dark-colored car is parked stationary, near a blue circular sign, surrounded by trees and vegetation. A white car is parked alongside it, on its right."
        ],
        "attributes": [
            {
                "appearance": [
                    "dark-colored car",
                    "blue circular sign"
                ],
                "status": [
                    "parked stationary"
                ],
                "relation_viewer": [
                    "on the left side of the image"
                ],
                "relation_others": [
                    "white car parked alongside it on its right",
                    "surrounded by trees and vegetation"
                ]
            },
            {
                "appearance": [
                    "dark-colored car",
                    "white car"
                ],
                "status": [
                    "parked stationary"
                ],
                "relation_viewer": [
                    "on the left side of the image"
                ],
                "relation_others": [
                    "near a blue circular sign",
                    "white car parked alongside it on its right",
                    "surrounded by trees and vegetation"
                ]
            },
            {
                "appearance": [
                    "dark-colored car",
                    "white car"
                ],
                "status": [
                    "parked stationary"
                ],
                "relation_viewer": [
                    "on the left side of the image"
                ],
                "relation_others": [
                    "near a blue circular sign",
                    "surrounded by trees and vegetation",
                    "white car parked alongside it on its right"
                ]
            }
        ]
    },
    {
        "id": "zurich_city_17_a_21_1429",
        "image_path": "data/train/zurich_city_17_a/image/001429.jpg",
        "event_path": "data/train/zurich_city_17_a/event/001429.npz",
        "index": "5",
        "bbox": {
            "x": 229.0,
            "y": 194.0,
            "w": 53.0,
            "h": 32.0
        },
        "class": "car",
        "others": [],
        "number of other objects": 0,
        "captions": [
            "A dark-colored car is parked stationary in a driveway, located in the middle left of the image near a pedestrian crossing sign, surrounded by trees and buildings, and positioned at a distance from the viewer. There is a white car parked alongside it, on its right.",
            "Dark-colored car is parked stationary in a driveway, located in the middle left of the image near a pedestrian crossing sign, surrounded by trees and buildings, and positioned at a distance from the viewer. A white car is parked alongside it, on its right.",
            "In a driveway on the middle left of the image, a dark-colored car is parked stationary near a pedestrian crossing sign, surrounded by trees and buildings. A white car is parked alongside it, on its right."
        ],
        "attributes": [
            {
                "appearance": [
                    "dark-colored car",
                    "white car"
                ],
                "status": [
                    "parked stationary"
                ],
                "relation_viewer": [
                    "located in the middle left of the image",
                    "positioned at a distance from the viewer"
                ],
                "relation_others": [
                    "surrounded by trees",
                    "surrounded by buildings",
                    "white car parked alongside it on its right"
                ]
            },
            {
                "appearance": [
                    "dark-colored car",
                    "white car"
                ],
                "status": [
                    "parked stationary"
                ],
                "relation_viewer": [
                    "located in the middle left of the image",
                    "positioned at a distance from the viewer"
                ],
                "relation_others": [
                    "surrounded by trees and buildings",
                    "a white car parked alongside it on its right",
                    "near a pedestrian crossing sign"
                ]
            },
            {
                "appearance": [
                    "dark-colored car",
                    "white car"
                ],
                "status": [
                    "parked stationary"
                ],
                "relation_viewer": [
                    "in a driveway on the middle left of the image"
                ],
                "relation_others": [
                    "near a pedestrian crossing sign",
                    "surrounded by trees",
                    "surrounded by buildings",
                    "white car parked alongside it on its right"
                ]
            }
        ]
    },
    {
        "id": "zurich_city_17_a_21_1437",
        "image_path": "data/train/zurich_city_17_a/image/001437.jpg",
        "event_path": "data/train/zurich_city_17_a/event/001437.npz",
        "index": "6",
        "bbox": {
            "x": 311.0,
            "y": 191.0,
            "w": 53.0,
            "h": 34.0
        },
        "class": "car",
        "others": [],
        "number of other objects": 0,
        "captions": [
            "A dark-colored car is parked stationary near the center of the image, slightly to the right, and is partially obscured by a tree. There is a white car parked alongside it, on its right.",
            "Dark-colored car is parked stationary near the center of the image, slightly to the right, and is partially obscured by a tree. A white car is parked alongside it, on its right.",
            "Near the center of the image, a dark-colored car is parked stationary, slightly to the right, partially obscured by a tree. A white car is parked alongside it, on its right."
        ],
        "attributes": [
            {
                "appearance": [
                    "dark-colored car"
                ],
                "status": [
                    "parked stationary"
                ],
                "relation_viewer": [
                    "near the center of the image",
                    "slightly to the right"
                ],
                "relation_others": [
                    "partially obscured by a tree",
                    "white car parked alongside it on its right"
                ]
            },
            {
                "appearance": [
                    "dark-colored car",
                    "white car"
                ],
                "status": [
                    "parked stationary"
                ],
                "relation_viewer": [
                    "near the center of the image",
                    "slightly to the right"
                ],
                "relation_others": [
                    "partially obscured by a tree",
                    "white car parked alongside it on its right"
                ]
            },
            {
                "appearance": [
                    "dark-colored car",
                    "white car"
                ],
                "status": [
                    "parked stationary"
                ],
                "relation_viewer": [
                    "slightly to the right"
                ],
                "relation_others": [
                    "partially obscured by a tree",
                    "white car parked alongside it on its right"
                ]
            }
        ]
    },
    {
        "id": "zurich_city_17_a_21_1445",
        "image_path": "data/train/zurich_city_17_a/image/001445.jpg",
        "event_path": "data/train/zurich_city_17_a/event/001445.npz",
        "index": "7",
        "bbox": {
            "x": 392.0,
            "y": 187.0,
            "w": 55.0,
            "h": 35.0
        },
        "class": "car",
        "others": [
            {
                "id": "zurich_city_17_a_18_1445",
                "class": "car",
                "bbox": {
                    "x": 457.0,
                    "y": 191.0,
                    "w": 52.0,
                    "h": 31.0
                }
            }
        ],
        "number of other objects": 1,
        "captions": [
            "A dark-colored car is parked stationary on the center-right side of the image, near the edge of the road, behind another vehicle, and close to a pedestrian and bicycle sign. There is a white car parked alongside it, on its right.",
            "Dark-colored car is parked stationary on the center-right side of the image, near the edge of the road, behind another vehicle, and close to a pedestrian and bicycle sign. A white car is parked alongside it, on its right.",
            "On the center-right side of the image, a dark-colored car is parked stationary, near the edge of the road, behind another vehicle, and close to a pedestrian and bicycle sign. A white car is parked alongside it, on its right."
        ],
        "attributes": [
            {
                "appearance": [
                    "dark-colored car",
                    "white car"
                ],
                "status": [
                    "parked stationary"
                ],
                "relation_viewer": [
                    "on the center-right side of the image",
                    "near the edge of the road"
                ],
                "relation_others": [
                    "behind another vehicle",
                    "close to a pedestrian and bicycle sign",
                    "white car parked alongside it, on its right"
                ]
            },
            {
                "appearance": [
                    "dark-colored car",
                    "white car"
                ],
                "status": [
                    "parked stationary"
                ],
                "relation_viewer": [
                    "on the center-right side of the image",
                    "near the edge of the road"
                ],
                "relation_others": [
                    "behind another vehicle",
                    "close to a pedestrian and bicycle sign",
                    "white car parked alongside it on its right"
                ]
            },
            {
                "appearance": [
                    "dark-colored car",
                    "white car"
                ],
                "status": [
                    "parked stationary"
                ],
                "relation_viewer": [
                    "on the center-right side of the image"
                ],
                "relation_others": [
                    "near the edge of the road",
                    "behind another vehicle",
                    "close to a pedestrian and bicycle sign",
                    "white car parked alongside it, on its right"
                ]
            }
        ]
    },
    {
        "id": "zurich_city_17_a_21_1453",
        "image_path": "data/train/zurich_city_17_a/image/001453.jpg",
        "event_path": "data/train/zurich_city_17_a/event/001453.npz",
        "index": "8",
        "bbox": {
            "x": 476.0,
            "y": 180.0,
            "w": 54.0,
            "h": 36.0
        },
        "class": "car",
        "others": [
            {
                "id": "zurich_city_17_a_18_1453",
                "class": "car",
                "bbox": {
                    "x": 545.0,
                    "y": 186.0,
                    "w": 58.0,
                    "h": 32.0
                }
            }
        ],
        "number of other objects": 1,
        "captions": [
            "A black car is parked stationary near a row of garage doors, positioned at a slight angle to the viewer, and is located next to another vehicle on its right, and a pedestrian and bicycle sign.",
            "Black car is parked stationary near a row of garage doors, positioned at a slight angle to the viewer, and is located next to another vehicle on its right, and a pedestrian and bicycle sign.",
            "Near a row of garage doors, a black car is parked stationary, positioned at a slight angle to the viewer, located next to another vehicle on its right, and a pedestrian and bicycle sign."
        ],
        "attributes": [
            {
                "appearance": [
                    "black car"
                ],
                "status": [
                    "parked stationary"
                ],
                "relation_viewer": [
                    "positioned at a slight angle to the viewer"
                ],
                "relation_others": [
                    "next to another vehicle on its right",
                    "next to a pedestrian and bicycle sign"
                ]
            },
            {
                "appearance": [
                    "black car"
                ],
                "status": [
                    "parked stationary"
                ],
                "relation_viewer": [
                    "positioned at a slight angle to the viewer"
                ],
                "relation_others": [
                    "next to another vehicle on its right",
                    "next to a pedestrian and bicycle sign"
                ]
            },
            {
                "appearance": [
                    "black car"
                ],
                "status": [
                    "parked stationary"
                ],
                "relation_viewer": [
                    "positioned at a slight angle to the viewer"
                ],
                "relation_others": [
                    "next to another vehicle on its right",
                    "pedestrian and bicycle sign"
                ]
            }
        ]
    },
    {
        "id": "zurich_city_17_a_21_1461",
        "image_path": "data/train/zurich_city_17_a/image/001461.jpg",
        "event_path": "data/train/zurich_city_17_a/event/001461.npz",
        "index": "9",
        "bbox": {
            "x": 561.0,
            "y": 173.0,
            "w": 63.0,
            "h": 40.0
        },
        "class": "car",
        "others": [],
        "number of other objects": 0,
        "captions": [
            "A dark-colored sedan is parked stationary on the right side of the image, near the edge of the driveway, surrounded by the driveway, bushes, and the building. From the viewer's perspective, it is the second car counting from the right.",
            "Dark-colored sedan is parked stationary on the right side of the image, near the edge of the driveway, surrounded by the driveway, bushes, and the building. From the viewer's perspective, it is the second car counting from the right.",
            "On the right side of the image, a dark-colored sedan is parked stationary, near the edge of the driveway, surrounded by the driveway, bushes, and the building. From the viewer's perspective, it is the second car counting from the right."
        ],
        "attributes": [
            {
                "appearance": [
                    "dark-colored sedan"
                ],
                "status": [
                    "parked stationary"
                ],
                "relation_viewer": [
                    "on the right side of the image",
                    "second car counting from the right"
                ],
                "relation_others": [
                    "near the edge of the driveway",
                    "surrounded by the driveway",
                    "surrounded by bushes",
                    "surrounded by the building"
                ]
            },
            {
                "appearance": [
                    "dark-colored sedan"
                ],
                "status": [
                    "parked stationary"
                ],
                "relation_viewer": [
                    "on the right side of the image",
                    "second car counting from the right"
                ],
                "relation_others": [
                    "near the edge of the driveway",
                    "surrounded by the driveway",
                    "surrounded by bushes",
                    "surrounded by the building"
                ]
            },
            {
                "appearance": [
                    "dark-colored sedan"
                ],
                "status": [
                    "parked stationary"
                ],
                "relation_viewer": [
                    "the second car counting from the right"
                ],
                "relation_others": [
                    "near the edge of the driveway",
                    "surrounded by the driveway",
                    "surrounded by bushes",
                    "surrounded by the building"
                ]
            }
        ]
    }
]