[
    {
        "id": "zurich_city_09_b_287_5",
        "image_path": "data/train/zurich_city_09_b/image/000005.jpg",
        "event_path": "data/train/zurich_city_09_b/event/000005.npz",
        "index": "0",
        "bbox": {
            "x": 283.0,
            "y": 206.0,
            "w": 30.0,
            "h": 72.0
        },
        "class": "pedestrian",
        "others": [
            {
                "id": "zurich_city_09_b_290_5",
                "class": "car",
                "bbox": {
                    "x": 234.0,
                    "y": 206.0,
                    "w": 115.0,
                    "h": 55.0
                }
            },
            {
                "id": "zurich_city_09_b_293_5",
                "class": "car",
                "bbox": {
                    "x": 381.0,
                    "y": 194.0,
                    "w": 67.0,
                    "h": 48.0
                }
            }
        ],
        "number of other objects": 2,
        "captions": [
            "A stationary pedestrian stands on the sidewalk near the center of the image, close to traffic lights and street signs, facing the viewer, with vehicles approaching from behind.",
            "Stationary pedestrian stands on the sidewalk near the center of the image, close to traffic lights and street signs, facing the viewer, with vehicles approaching from behind.",
            "On the sidewalk near the center of the image, stationary pedestrian stands close to traffic lights and street signs, facing the viewer, with vehicles approaching from behind."
        ],
        "attributes": [
            {
                "appearance": [
                    "pedestrian"
                ],
                "status": [
                    "stationary"
                ],
                "relation_viewer": [
                    "on the sidewalk near the center of the image",
                    "facing the viewer"
                ],
                "relation_others": [
                    "close to traffic lights",
                    "close to street signs",
                    "vehicles approaching from behind"
                ]
            },
            {
                "appearance": [
                    "stationary pedestrian"
                ],
                "status": [
                    "stands stationary"
                ],
                "relation_viewer": [
                    "near the center of the image",
                    "facing the viewer"
                ],
                "relation_others": [
                    "close to traffic lights",
                    "close to street signs",
                    "vehicles approaching from behind"
                ]
            },
            {
                "appearance": [
                    "pedestrian"
                ],
                "status": [
                    "stationary"
                ],
                "relation_viewer": [
                    "close to traffic lights",
                    "street signs",
                    "facing the viewer"
                ],
                "relation_others": [
                    "vehicles approaching from behind"
                ]
            }
        ]
    },
    {
        "id": "zurich_city_09_b_287_13",
        "image_path": "data/train/zurich_city_09_b/image/000013.jpg",
        "event_path": "data/train/zurich_city_09_b/event/000013.npz",
        "index": "1",
        "bbox": {
            "x": 149.0,
            "y": 209.0,
            "w": 40.0,
            "h": 91.0
        },
        "class": "pedestrian",
        "others": [
            {
                "id": "zurich_city_09_b_290_13",
                "class": "car",
                "bbox": {
                    "x": 37.0,
                    "y": 200.0,
                    "w": 178.0,
                    "h": 82.0
                }
            },
            {
                "id": "zurich_city_09_b_293_13",
                "class": "car",
                "bbox": {
                    "x": 266.0,
                    "y": 192.0,
                    "w": 78.0,
                    "h": 60.0
                }
            }
        ],
        "number of other objects": 2,
        "captions": [
            "A stationary pedestrian is standing near the crosswalk on the left side of the image, facing the viewer, surrounded by urban elements and vehicles.",
            "Stationary pedestrian is standing near the crosswalk on the left side of the image, facing the viewer, surrounded by urban elements and vehicles.",
            "Near the crosswalk on the left side of the image, a stationary pedestrian stands facing the viewer, surrounded by urban elements and vehicles."
        ],
        "attributes": [
            {
                "appearance": [
                    "stationary pedestrian"
                ],
                "status": [
                    "standing"
                ],
                "relation_viewer": [
                    "near the crosswalk",
                    "on the left side of the image",
                    "facing the viewer"
                ],
                "relation_others": [
                    "surrounded by urban elements",
                    "surrounded by vehicles"
                ]
            },
            {
                "appearance": [
                    "stationary pedestrian"
                ],
                "status": [
                    "standing"
                ],
                "relation_viewer": [
                    "near the crosswalk",
                    "on the left side of the image",
                    "facing the viewer"
                ],
                "relation_others": [
                    "surrounded by urban elements",
                    "surrounded by vehicles"
                ]
            },
            {
                "appearance": [
                    "pedestrian"
                ],
                "status": [
                    "stationary"
                ],
                "relation_viewer": [
                    "standing facing the viewer"
                ],
                "relation_others": [
                    "near the crosswalk",
                    "on the left side of the image",
                    "surrounded by urban elements",
                    "surrounded by vehicles"
                ]
            }
        ]
    },
    {
        "id": "zurich_city_09_b_295_357",
        "image_path": "data/train/zurich_city_09_b/image/000357.jpg",
        "event_path": "data/train/zurich_city_09_b/event/000357.npz",
        "index": "0",
        "bbox": {
            "x": 327.0,
            "y": 206.0,
            "w": 35.0,
            "h": 31.0
        },
        "class": "car",
        "others": [
            {
                "id": "zurich_city_09_b_359_357",
                "class": "car",
                "bbox": {
                    "x": 0.0,
                    "y": 209.0,
                    "w": 94.0,
                    "h": 61.0
                }
            }
        ],
        "number of other objects": 1,
        "captions": [
            "A stationary or slow-moving car is positioned directly ahead of the viewer, behind a red traffic light, with other vehicles visible on the left side of the road.",
            "Stationary or slow-moving car is positioned directly ahead of the viewer, behind a red traffic light, with other vehicles visible on the left side of the road.",
            "Directly ahead of the viewer, a stationary or slow-moving car is positioned behind a red traffic light, with other vehicles visible on the left side of the road."
        ],
        "attributes": [
            {
                "appearance": [
                    "car"
                ],
                "status": [
                    "stationary",
                    "slow-moving"
                ],
                "relation_viewer": [
                    "positioned directly ahead of the viewer"
                ],
                "relation_others": [
                    "behind a red traffic light",
                    "other vehicles on the left side of the road"
                ]
            },
            {
                "appearance": [
                    "car"
                ],
                "status": [
                    "stationary",
                    "slow-moving"
                ],
                "relation_viewer": [
                    "positioned directly ahead of the viewer"
                ],
                "relation_others": [
                    "behind a red traffic light",
                    "other vehicles on the left side of the road"
                ]
            },
            {
                "appearance": [
                    "car"
                ],
                "status": [
                    "stationary",
                    "slow-moving"
                ],
                "relation_viewer": [
                    "directly ahead of the viewer"
                ],
                "relation_others": [
                    "behind a red traffic light",
                    "other vehicles on the left side of the road"
                ]
            }
        ]
    },
    {
        "id": "zurich_city_09_b_295_365",
        "image_path": "data/train/zurich_city_09_b/image/000365.jpg",
        "event_path": "data/train/zurich_city_09_b/event/000365.npz",
        "index": "1",
        "bbox": {
            "x": 324.0,
            "y": 205.0,
            "w": 39.0,
            "h": 35.0
        },
        "class": "car",
        "others": [
            {
                "id": "zurich_city_09_b_362_365",
                "class": "car",
                "bbox": {
                    "x": 16.0,
                    "y": 215.0,
                    "w": 65.0,
                    "h": 37.0
                }
            },
            {
                "id": "zurich_city_09_b_366_365",
                "class": "car",
                "bbox": {
                    "x": 77.0,
                    "y": 214.0,
                    "w": 40.0,
                    "h": 31.0
                }
            }
        ],
        "number of other objects": 2,
        "captions": [
            "A stationary or slow-moving car with illuminated taillights is positioned directly ahead of the viewer, near a red traffic light, on a city street at night.",
            "Stationary or slow-moving car with illuminated taillights is positioned directly ahead of the viewer, near a red traffic light, on a city street at night.",
            "On a city street at night, a stationary or slow-moving car with illuminated taillights is positioned directly ahead of the viewer, near a red traffic light."
        ],
        "attributes": [
            {
                "appearance": [
                    "stationary or slow-moving car",
                    "with illuminated taillights"
                ],
                "status": [
                    "stationary",
                    "slow-moving"
                ],
                "relation_viewer": [
                    "positioned directly ahead of the viewer"
                ],
                "relation_others": [
                    "near a red traffic light",
                    "on a city street at night"
                ]
            },
            {
                "appearance": [
                    "car with illuminated taillights"
                ],
                "status": [
                    "stationary",
                    "slow-moving"
                ],
                "relation_viewer": [
                    "positioned directly ahead of the viewer"
                ],
                "relation_others": [
                    "near a red traffic light",
                    "on a city street at night"
                ]
            },
            {
                "appearance": [
                    "car with illuminated taillights"
                ],
                "status": [
                    "stationary",
                    "slow-moving"
                ],
                "relation_viewer": [
                    "positioned directly ahead of the viewer"
                ],
                "relation_others": [
                    "near a red traffic light"
                ]
            }
        ]
    },
    {
        "id": "zurich_city_09_b_290_13",
        "image_path": "data/train/zurich_city_09_b/image/000013.jpg",
        "event_path": "data/train/zurich_city_09_b/event/000013.npz",
        "index": "1",
        "bbox": {
            "x": 37.0,
            "y": 200.0,
            "w": 178.0,
            "h": 82.0
        },
        "class": "car",
        "others": [
            {
                "id": "zurich_city_09_b_287_13",
                "class": "pedestrian",
                "bbox": {
                    "x": 149.0,
                    "y": 209.0,
                    "w": 40.0,
                    "h": 91.0
                }
            },
            {
                "id": "zurich_city_09_b_293_13",
                "class": "car",
                "bbox": {
                    "x": 266.0,
                    "y": 192.0,
                    "w": 78.0,
                    "h": 60.0
                }
            }
        ],
        "number of other objects": 2,
        "captions": [
            "A dark-colored SUV with its headlights on is stationary at a traffic light on the left side of the road, in front of the viewer, near a pedestrian crossing, with other vehicles and buildings in the background.",
            "Dark-colored SUV with its headlights on is stationary at a traffic light on the left side of the road, in front of the viewer, near a pedestrian crossing, with other vehicles and buildings in the background.",
            "Stationary dark-colored SUV with its headlights on is at a traffic light on the left side of the road, in front of the viewer, near a pedestrian crossing, with other vehicles and buildings in the background."
        ],
        "attributes": [
            {
                "appearance": [
                    "dark-colored SUV with its headlights on"
                ],
                "status": [
                    "stationary"
                ],
                "relation_viewer": [
                    "at a traffic light on the left side of the road",
                    "in front of the viewer"
                ],
                "relation_others": [
                    "near a pedestrian crossing",
                    "other vehicles and buildings in the background"
                ]
            },
            {
                "appearance": [
                    "dark-colored SUV with its headlights on"
                ],
                "status": [
                    "stationary"
                ],
                "relation_viewer": [
                    "at a traffic light on the left side of the road",
                    "in front of the viewer"
                ],
                "relation_others": [
                    "near a pedestrian crossing",
                    "other vehicles and buildings in the background"
                ]
            },
            {
                "appearance": [
                    "dark-colored SUV"
                ],
                "status": [
                    "stationary"
                ],
                "relation_viewer": [
                    "at a traffic light on the left side of the road",
                    "in front of the viewer"
                ],
                "relation_others": [
                    "near a pedestrian crossing",
                    "other vehicles and buildings in the background"
                ]
            }
        ]
    },
    {
        "id": "zurich_city_09_b_293_13",
        "image_path": "data/train/zurich_city_09_b/image/000013.jpg",
        "event_path": "data/train/zurich_city_09_b/event/000013.npz",
        "index": "1",
        "bbox": {
            "x": 266.0,
            "y": 192.0,
            "w": 78.0,
            "h": 60.0
        },
        "class": "car",
        "others": [
            {
                "id": "zurich_city_09_b_287_13",
                "class": "pedestrian",
                "bbox": {
                    "x": 149.0,
                    "y": 209.0,
                    "w": 40.0,
                    "h": 91.0
                }
            },
            {
                "id": "zurich_city_09_b_290_13",
                "class": "car",
                "bbox": {
                    "x": 37.0,
                    "y": 200.0,
                    "w": 178.0,
                    "h": 82.0
                }
            }
        ],
        "number of other objects": 2,
        "captions": [
            "A white van with its headlights on is stationary or moving slowly on the left side of the road, near the center-left of the image, in front of the viewer, slightly to the left, next to a pedestrian crossing and surrounded by other vehicles and street elements.",
            "White van with its headlights on is stationary or moving slowly on the left side of the road, near the center-left of the image, in front of the viewer, slightly to the left, next to a pedestrian crossing and surrounded by other vehicles and street elements.",
            "With its headlights on, a white van is stationary or moving slowly on the left side of the road, near the center-left of the image, in front of the viewer, slightly to the left, next to a pedestrian crossing and surrounded by other vehicles and street elements."
        ],
        "attributes": [
            {
                "appearance": [
                    "white van with its headlights on"
                ],
                "status": [
                    "stationary",
                    "moving slowly"
                ],
                "relation_viewer": [
                    "near the center-left of the image",
                    "in front of the viewer",
                    "slightly to the left"
                ],
                "relation_others": [
                    "next to a pedestrian crossing",
                    "surrounded by other vehicles",
                    "surrounded by street elements"
                ]
            },
            {
                "appearance": [
                    "white van with its headlights on"
                ],
                "status": [
                    "stationary",
                    "moving slowly"
                ],
                "relation_viewer": [
                    "near the center-left of the image",
                    "positioned ahead of the viewer",
                    "slightly to the left"
                ],
                "relation_others": [
                    "next to a pedestrian crossing",
                    "surrounded by other vehicles",
                    "surrounded by street elements"
                ]
            },
            {
                "appearance": [
                    "white van"
                ],
                "status": [
                    "stationary or moving slowly"
                ],
                "relation_viewer": [
                    "on the left side of the road",
                    "in front of the viewer",
                    "slightly to the left"
                ],
                "relation_others": [
                    "next to a pedestrian crossing",
                    "surrounded by other vehicles",
                    "surrounded by street elements"
                ]
            }
        ]
    },
    {
        "id": "zurich_city_09_b_293_21",
        "image_path": "data/train/zurich_city_09_b/image/000021.jpg",
        "event_path": "data/train/zurich_city_09_b/event/000021.npz",
        "index": "2",
        "bbox": {
            "x": 148.0,
            "y": 186.0,
            "w": 102.0,
            "h": 77.0
        },
        "class": "car",
        "others": [
            {
                "id": "zurich_city_09_b_290_21",
                "class": "car",
                "bbox": {
                    "x": 0.0,
                    "y": 209.0,
                    "w": 56.0,
                    "h": 84.0
                }
            },
            {
                "id": "zurich_city_09_b_299_21",
                "class": "car",
                "bbox": {
                    "x": 57.0,
                    "y": 214.0,
                    "w": 71.0,
                    "h": 30.0
                }
            },
            {
                "id": "zurich_city_09_b_303_21",
                "class": "car",
                "bbox": {
                    "x": 8.0,
                    "y": 214.0,
                    "w": 49.0,
                    "h": 59.0
                }
            }
        ],
        "number of other objects": 3,
        "captions": [
            "A white van with its headlights on is stationary or moving slowly on the left side of the road, near the sidewalk, and is positioned to the left of the viewer at a crosswalk.",
            "White van with its headlights on is stationary or moving slowly on the left side of the road, near the sidewalk, and is positioned to the left of the viewer at a crosswalk.",
            "On the left side of the road, a white van with its headlights on is stationary or moving slowly, near the sidewalk, positioned to the left of the viewer at a crosswalk."
        ],
        "attributes": [
            {
                "appearance": [
                    "white van with its headlights on"
                ],
                "status": [
                    "stationary",
                    "moving slowly"
                ],
                "relation_viewer": [
                    "to the left of the viewer",
                    "at a crosswalk"
                ],
                "relation_others": [
                    "on the left side of the road",
                    "near the sidewalk"
                ]
            },
            {
                "appearance": [
                    "white van with its headlights on"
                ],
                "status": [
                    "stationary or moving slowly"
                ],
                "relation_viewer": [
                    "on the left side of the road",
                    "positioned to the left of the viewer at a crosswalk"
                ],
                "relation_others": [
                    "near the sidewalk"
                ]
            },
            {
                "appearance": [
                    "white van with its headlights on"
                ],
                "status": [
                    "stationary",
                    "moving slowly"
                ],
                "relation_viewer": [
                    "to the left of the viewer",
                    "at a crosswalk"
                ],
                "relation_others": [
                    "near the sidewalk"
                ]
            }
        ]
    },
    {
        "id": "zurich_city_09_b_293_29",
        "image_path": "data/train/zurich_city_09_b/image/000029.jpg",
        "event_path": "data/train/zurich_city_09_b/event/000029.npz",
        "index": "3",
        "bbox": {
            "x": 1.0,
            "y": 178.0,
            "w": 168.0,
            "h": 111.0
        },
        "class": "car",
        "others": [],
        "number of other objects": 0,
        "captions": [
            "A white van is parked or moving slowly on the left side of the road, near the edge, with buildings and trees nearby, and it faces the viewer.",
            "White van is parked or moving slowly on the left side of the road, near the edge, with buildings and trees nearby, and it faces the viewer.",
            "On the left side of the road, a white van is parked or moving slowly, near the edge, with buildings and trees nearby, facing the viewer."
        ],
        "attributes": [
            {
                "appearance": [
                    "white van"
                ],
                "status": [
                    "parked",
                    "moving slowly"
                ],
                "relation_viewer": [
                    "on the left side of the road",
                    "near the edge",
                    "faces the viewer"
                ],
                "relation_others": [
                    "near buildings",
                    "near trees"
                ]
            },
            {
                "appearance": [
                    "white van"
                ],
                "status": [
                    "parked",
                    "moving slowly"
                ],
                "relation_viewer": [
                    "on the left side of the road",
                    "near the edge",
                    "faces the viewer"
                ],
                "relation_others": [
                    "buildings and trees nearby"
                ]
            },
            {
                "appearance": [
                    "white van"
                ],
                "status": [
                    "parked",
                    "moving slowly"
                ],
                "relation_viewer": [
                    "on the left side of the road",
                    "facing the viewer"
                ],
                "relation_others": [
                    "near the edge",
                    "buildings and trees nearby"
                ]
            }
        ]
    },
    {
        "id": "zurich_city_09_b_294_61",
        "image_path": "data/train/zurich_city_09_b/image/000061.jpg",
        "event_path": "data/train/zurich_city_09_b/event/000061.npz",
        "index": "0",
        "bbox": {
            "x": 208.0,
            "y": 206.0,
            "w": 40.0,
            "h": 30.0
        },
        "class": "car",
        "others": [
            {
                "id": "zurich_city_09_b_297_61",
                "class": "bus",
                "bbox": {
                    "x": 395.0,
                    "y": 193.0,
                    "w": 40.0,
                    "h": 32.0
                }
            }
        ],
        "number of other objects": 1,
        "captions": [
            "A white van is moving on the left side of the road, directly in front of the viewer, with a tree and a building nearby.",
            "White van is moving on the left side of the road, directly in front of the viewer, with a tree and a building nearby.",
            "On the left side of the road, a white van is moving directly in front of the viewer, with a tree and a building nearby."
        ],
        "attributes": [
            {
                "appearance": [
                    "white van"
                ],
                "status": [
                    "moving"
                ],
                "relation_viewer": [
                    "directly in front of the viewer"
                ],
                "relation_others": [
                    "a tree nearby",
                    "a building nearby"
                ]
            },
            {
                "appearance": [
                    "white van"
                ],
                "status": [
                    "moving"
                ],
                "relation_viewer": [
                    "directly in front of the viewer"
                ],
                "relation_others": [
                    "a tree nearby",
                    "a building nearby"
                ]
            },
            {
                "appearance": [
                    "white van"
                ],
                "status": [
                    "moving directly in front of the viewer"
                ],
                "relation_viewer": [
                    "on the left side of the road"
                ],
                "relation_others": [
                    "a tree nearby",
                    "a building nearby"
                ]
            }
        ]
    },
    {
        "id": "zurich_city_09_b_294_69",
        "image_path": "data/train/zurich_city_09_b/image/000069.jpg",
        "event_path": "data/train/zurich_city_09_b/event/000069.npz",
        "index": "1",
        "bbox": {
            "x": 181.0,
            "y": 206.0,
            "w": 49.0,
            "h": 34.0
        },
        "class": "car",
        "others": [
            {
                "id": "zurich_city_09_b_297_69",
                "class": "bus",
                "bbox": {
                    "x": 398.0,
                    "y": 192.0,
                    "w": 45.0,
                    "h": 36.0
                }
            }
        ],
        "number of other objects": 1,
        "captions": [
            "A white car with its headlights on is driving on the left side of the road, slightly to the left of the viewer, and appears to be moving slowly.",
            "White car with its headlights on is driving on the left side of the road, slightly to the left of the viewer, and appears to be moving slowly.",
            "With its headlights on, a white car is driving on the left side of the road, slightly to the left of the viewer, appearing to move slowly."
        ],
        "attributes": [
            {
                "appearance": [
                    "white car with its headlights on"
                ],
                "status": [
                    "driving",
                    "moving slowly"
                ],
                "relation_viewer": [
                    "on the left side of the road",
                    "slightly to the left of the viewer"
                ],
                "relation_others": []
            },
            {
                "appearance": [
                    "white car with its headlights on"
                ],
                "status": [
                    "moving slowly"
                ],
                "relation_viewer": [
                    "slightly to the left of the viewer"
                ],
                "relation_others": [
                    "on the left side of the road"
                ]
            },
            {
                "appearance": [
                    "white car",
                    "headlights on"
                ],
                "status": [
                    "driving",
                    "moving slowly"
                ],
                "relation_viewer": [
                    "on the left side of the road",
                    "slightly to the left of the viewer"
                ],
                "relation_others": []
            }
        ]
    },
    {
        "id": "zurich_city_09_b_294_77",
        "image_path": "data/train/zurich_city_09_b/image/000077.jpg",
        "event_path": "data/train/zurich_city_09_b/event/000077.npz",
        "index": "2",
        "bbox": {
            "x": 141.0,
            "y": 203.0,
            "w": 67.0,
            "h": 44.0
        },
        "class": "car",
        "others": [
            {
                "id": "zurich_city_09_b_297_77",
                "class": "bus",
                "bbox": {
                    "x": 402.0,
                    "y": 192.0,
                    "w": 52.0,
                    "h": 39.0
                }
            }
        ],
        "number of other objects": 1,
        "captions": [
            "A white van is moving on the left side of the road, near the sidewalk, with trees and buildings in the background.",
            "White van is moving on the left side of the road, near the sidewalk, with trees and buildings in the background.",
            "On the left side of the road, a white van is moving near the sidewalk, with trees and buildings in the background."
        ],
        "attributes": [
            {
                "appearance": [
                    "white van"
                ],
                "status": [
                    "moving"
                ],
                "relation_viewer": [
                    "on the left side of the road",
                    "near the sidewalk"
                ],
                "relation_others": [
                    "trees in the background",
                    "buildings in the background"
                ]
            },
            {
                "appearance": [
                    "white van"
                ],
                "status": [
                    "moving"
                ],
                "relation_viewer": [
                    "on the left side of the road",
                    "near the sidewalk"
                ],
                "relation_others": [
                    "trees in the background",
                    "buildings in the background"
                ]
            },
            {
                "appearance": [
                    "white van"
                ],
                "status": [
                    "moving"
                ],
                "relation_viewer": [
                    "on the left side of the road",
                    "near the sidewalk"
                ],
                "relation_others": [
                    "trees in the background",
                    "buildings in the background"
                ]
            }
        ]
    },
    {
        "id": "zurich_city_09_b_294_85",
        "image_path": "data/train/zurich_city_09_b/image/000085.jpg",
        "event_path": "data/train/zurich_city_09_b/event/000085.npz",
        "index": "3",
        "bbox": {
            "x": 74.0,
            "y": 201.0,
            "w": 98.0,
            "h": 60.0
        },
        "class": "car",
        "others": [
            {
                "id": "zurich_city_09_b_297_85",
                "class": "bus",
                "bbox": {
                    "x": 405.0,
                    "y": 188.0,
                    "w": 59.0,
                    "h": 44.0
                }
            }
        ],
        "number of other objects": 1,
        "captions": [
            "A white van with its headlights on is positioned on the left side of the road, near the edge, and appears to be moving slowly.",
            "White van with its headlights on is positioned on the left side of the road, near the edge, and appears to be moving slowly.",
            "With its headlights on, a white van is positioned on the left side of the road, near the edge, appearing to move slowly."
        ],
        "attributes": [
            {
                "appearance": [
                    "white van with its headlights on"
                ],
                "status": [
                    "appears to be moving slowly"
                ],
                "relation_viewer": [
                    "on the left side of the road",
                    "near the edge"
                ],
                "relation_others": []
            },
            {
                "appearance": [
                    "white van with its headlights on"
                ],
                "status": [
                    "moving slowly"
                ],
                "relation_viewer": [
                    "on the left side of the road",
                    "near the edge"
                ],
                "relation_others": []
            },
            {
                "appearance": [
                    "white van",
                    "headlights on"
                ],
                "status": [
                    "appearing to move slowly"
                ],
                "relation_viewer": [
                    "on the left side of the road",
                    "near the edge"
                ],
                "relation_others": []
            }
        ]
    },
    {
        "id": "zurich_city_09_b_297_53",
        "image_path": "data/train/zurich_city_09_b/image/000053.jpg",
        "event_path": "data/train/zurich_city_09_b/event/000053.npz",
        "index": "0",
        "bbox": {
            "x": 391.0,
            "y": 202.0,
            "w": 39.0,
            "h": 30.0
        },
        "class": "bus",
        "others": [
            {
                "id": "zurich_city_09_b_299_53",
                "class": "car",
                "bbox": {
                    "x": 0.0,
                    "y": 222.0,
                    "w": 43.0,
                    "h": 35.0
                }
            }
        ],
        "number of other objects": 1,
        "captions": [
            "A stationary or slowly moving bus is positioned on the right side of the road, ahead of the viewer's perspective, surrounded by other vehicles and near a sidewalk with pedestrians.",
            "Stationary or slowly moving bus is positioned on the right side of the road, ahead of the viewer's perspective, surrounded by other vehicles and near a sidewalk with pedestrians.",
            "On the right side of the road, stationary or slowly moving bus is ahead of the viewer's perspective, surrounded by other vehicles and near a sidewalk with pedestrians."
        ],
        "attributes": [
            {
                "appearance": [
                    "bus"
                ],
                "status": [
                    "stationary",
                    "slowly moving"
                ],
                "relation_viewer": [
                    "positioned on the right side of the road",
                    "ahead of the viewer's perspective"
                ],
                "relation_others": [
                    "surrounded by other vehicles",
                    "near a sidewalk with pedestrians"
                ]
            },
            {
                "appearance": [
                    "bus"
                ],
                "status": [
                    "stationary",
                    "slowly moving"
                ],
                "relation_viewer": [
                    "positioned on the right side of the road",
                    "ahead of the viewer's perspective"
                ],
                "relation_others": [
                    "surrounded by other vehicles",
                    "near a sidewalk with pedestrians"
                ]
            },
            {
                "appearance": [
                    "bus"
                ],
                "status": [
                    "stationary",
                    "slowly moving"
                ],
                "relation_viewer": [
                    "ahead of the viewer's perspective"
                ],
                "relation_others": [
                    "surrounded by other vehicles",
                    "near a sidewalk with pedestrians"
                ]
            }
        ]
    },
    {
        "id": "zurich_city_09_b_297_61",
        "image_path": "data/train/zurich_city_09_b/image/000061.jpg",
        "event_path": "data/train/zurich_city_09_b/event/000061.npz",
        "index": "1",
        "bbox": {
            "x": 395.0,
            "y": 193.0,
            "w": 40.0,
            "h": 32.0
        },
        "class": "bus",
        "others": [
            {
                "id": "zurich_city_09_b_294_61",
                "class": "car",
                "bbox": {
                    "x": 208.0,
                    "y": 206.0,
                    "w": 40.0,
                    "h": 30.0
                }
            }
        ],
        "number of other objects": 1,
        "captions": [
            "A white bus is stationary or moving slowly on the right side of the road, ahead of the viewer's perspective, near a pedestrian crossing and surrounded by streetlights and buildings.",
            "White bus is stationary or moving slowly on the right side of the road, ahead of the viewer's perspective, near a pedestrian crossing and surrounded by streetlights and buildings.",
            "Stationary or slowly moving white bus is positioned on the right side of the road, ahead of the viewer's perspective, near a pedestrian crossing and surrounded by streetlights and buildings."
        ],
        "attributes": [
            {
                "appearance": [
                    "white bus"
                ],
                "status": [
                    "stationary",
                    "moving slowly"
                ],
                "relation_viewer": [
                    "on the right side of the road",
                    "ahead of the viewer's perspective"
                ],
                "relation_others": [
                    "near a pedestrian crossing",
                    "surrounded by streetlights",
                    "surrounded by buildings"
                ]
            },
            {
                "appearance": [
                    "white bus"
                ],
                "status": [
                    "stationary",
                    "moving slowly"
                ],
                "relation_viewer": [
                    "on the right side of the road",
                    "ahead of the viewer's perspective"
                ],
                "relation_others": [
                    "near a pedestrian crossing",
                    "surrounded by streetlights",
                    "surrounded by buildings"
                ]
            },
            {
                "appearance": [
                    "white bus"
                ],
                "status": [
                    "stationary",
                    "slowly moving"
                ],
                "relation_viewer": [
                    "positioned on the right side of the road",
                    "ahead of the viewer's perspective"
                ],
                "relation_others": [
                    "near a pedestrian crossing",
                    "surrounded by streetlights",
                    "surrounded by buildings"
                ]
            }
        ]
    },
    {
        "id": "zurich_city_09_b_297_69",
        "image_path": "data/train/zurich_city_09_b/image/000069.jpg",
        "event_path": "data/train/zurich_city_09_b/event/000069.npz",
        "index": "2",
        "bbox": {
            "x": 398.0,
            "y": 192.0,
            "w": 45.0,
            "h": 36.0
        },
        "class": "bus",
        "others": [
            {
                "id": "zurich_city_09_b_294_69",
                "class": "car",
                "bbox": {
                    "x": 181.0,
                    "y": 206.0,
                    "w": 49.0,
                    "h": 34.0
                }
            }
        ],
        "number of other objects": 1,
        "captions": [
            "A stationary bus is located on the right-most side of the road, near a bus stop with people waiting, and is surrounded by other vehicles on the road.",
            "Stationary bus is located on the right-most side of the road, near a bus stop with people waiting, and is surrounded by other vehicles on the road.",
            "On the right-most side of the road, a stationary bus is located near a bus stop with people waiting, surrounded by other vehicles on the road."
        ],
        "attributes": [
            {
                "appearance": [
                    "bus"
                ],
                "status": [
                    "stationary"
                ],
                "relation_viewer": [
                    "on the right-most side of the road"
                ],
                "relation_others": [
                    "near a bus stop with people waiting",
                    "surrounded by other vehicles on the road"
                ]
            },
            {
                "appearance": [
                    "bus"
                ],
                "status": [
                    "stationary"
                ],
                "relation_viewer": [
                    "on the right-most side of the road"
                ],
                "relation_others": [
                    "near a bus stop with people waiting",
                    "surrounded by other vehicles on the road"
                ]
            },
            {
                "appearance": [
                    "bus"
                ],
                "status": [
                    "stationary"
                ],
                "relation_viewer": [
                    "on the right-most side of the road"
                ],
                "relation_others": [
                    "near a bus stop",
                    "people waiting",
                    "surrounded by other vehicles"
                ]
            }
        ]
    },
    {
        "id": "zurich_city_09_b_297_77",
        "image_path": "data/train/zurich_city_09_b/image/000077.jpg",
        "event_path": "data/train/zurich_city_09_b/event/000077.npz",
        "index": "3",
        "bbox": {
            "x": 402.0,
            "y": 192.0,
            "w": 52.0,
            "h": 39.0
        },
        "class": "bus",
        "others": [
            {
                "id": "zurich_city_09_b_294_77",
                "class": "car",
                "bbox": {
                    "x": 141.0,
                    "y": 203.0,
                    "w": 67.0,
                    "h": 44.0
                }
            }
        ],
        "number of other objects": 1,
        "captions": [
            "A stationary bus is located on the right side of the road, near a bus stop, with people waiting nearby and other vehicles on the road.",
            "Stationary bus is located on the right side of the road, near a bus stop, with people waiting nearby and other vehicles on the road.",
            "Near a bus stop on the right side of the road, a stationary bus is located with people waiting nearby and other vehicles on the road."
        ],
        "attributes": [
            {
                "appearance": [
                    "bus"
                ],
                "status": [
                    "stationary"
                ],
                "relation_viewer": [
                    "on the right side of the road"
                ],
                "relation_others": [
                    "near a bus stop",
                    "people waiting nearby",
                    "other vehicles on the road"
                ]
            },
            {
                "appearance": [
                    "bus"
                ],
                "status": [
                    "stationary"
                ],
                "relation_viewer": [
                    "on the right side of the road"
                ],
                "relation_others": [
                    "near a bus stop",
                    "people waiting nearby",
                    "other vehicles on the road"
                ]
            },
            {
                "appearance": [
                    "bus"
                ],
                "status": [
                    "stationary"
                ],
                "relation_viewer": [
                    "on the right side of the road"
                ],
                "relation_others": [
                    "near a bus stop",
                    "people waiting nearby",
                    "other vehicles on the road"
                ]
            }
        ]
    },
    {
        "id": "zurich_city_09_b_297_85",
        "image_path": "data/train/zurich_city_09_b/image/000085.jpg",
        "event_path": "data/train/zurich_city_09_b/event/000085.npz",
        "index": "4",
        "bbox": {
            "x": 405.0,
            "y": 188.0,
            "w": 59.0,
            "h": 44.0
        },
        "class": "bus",
        "others": [
            {
                "id": "zurich_city_09_b_294_85",
                "class": "car",
                "bbox": {
                    "x": 74.0,
                    "y": 201.0,
                    "w": 98.0,
                    "h": 60.0
                }
            }
        ],
        "number of other objects": 1,
        "captions": [
            "A stationary bus is positioned on the right side of the road, near the center-right of the frame, facing away from the viewer and adjacent to a sidewalk with pedestrians.",
            "Stationary bus is positioned on the right side of the road, near the center-right of the frame, facing away from the viewer and adjacent to a sidewalk with pedestrians.",
            "On the right side of the road, a stationary bus is positioned near the center-right of the frame, facing away from the viewer and adjacent to a sidewalk with pedestrians."
        ],
        "attributes": [
            {
                "appearance": [
                    "bus"
                ],
                "status": [
                    "stationary"
                ],
                "relation_viewer": [
                    "on the right side of the road",
                    "near the center-right of the frame",
                    "facing away from the viewer"
                ],
                "relation_others": [
                    "adjacent to a sidewalk",
                    "pedestrians nearby"
                ]
            },
            {
                "appearance": [
                    "bus"
                ],
                "status": [
                    "stationary"
                ],
                "relation_viewer": [
                    "on the right side of the road",
                    "near the center-right of the frame",
                    "facing away from the viewer"
                ],
                "relation_others": [
                    "adjacent to a sidewalk",
                    "with pedestrians"
                ]
            },
            {
                "appearance": [
                    "bus"
                ],
                "status": [
                    "stationary"
                ],
                "relation_viewer": [
                    "positioned near the center-right of the frame",
                    "facing away from the viewer"
                ],
                "relation_others": [
                    "adjacent to a sidewalk",
                    "sidewalk with pedestrians"
                ]
            }
        ]
    },
    {
        "id": "zurich_city_09_b_297_93",
        "image_path": "data/train/zurich_city_09_b/image/000093.jpg",
        "event_path": "data/train/zurich_city_09_b/event/000093.npz",
        "index": "5",
        "bbox": {
            "x": 411.0,
            "y": 181.0,
            "w": 67.0,
            "h": 49.0
        },
        "class": "bus",
        "others": [
            {
                "id": "zurich_city_09_b_294_93",
                "class": "car",
                "bbox": {
                    "x": 0.0,
                    "y": 194.0,
                    "w": 108.0,
                    "h": 77.0
                }
            }
        ],
        "number of other objects": 1,
        "captions": [
            "A stationary or slowly moving bus is positioned on the right side of the road, near a bus stop with waiting pedestrians, and is facing away from the viewer.",
            "Stationary or slowly moving bus is positioned on the right side of the road, near a bus stop with waiting pedestrians, and is facing away from the viewer.",
            "On the right side of the road, stationary or slowly moving bus is positioned near a bus stop with waiting pedestrians, facing away from the viewer."
        ],
        "attributes": [
            {
                "appearance": [
                    "bus"
                ],
                "status": [
                    "stationary",
                    "slowly moving"
                ],
                "relation_viewer": [
                    "positioned on the right side of the road",
                    "facing away from the viewer"
                ],
                "relation_others": [
                    "near a bus stop",
                    "with waiting pedestrians"
                ]
            },
            {
                "appearance": [
                    "bus"
                ],
                "status": [
                    "stationary",
                    "slowly moving"
                ],
                "relation_viewer": [
                    "positioned on the right side of the road",
                    "facing away from the viewer"
                ],
                "relation_others": [
                    "near a bus stop",
                    "with waiting pedestrians"
                ]
            },
            {
                "appearance": [
                    "bus"
                ],
                "status": [
                    "stationary",
                    "slowly moving"
                ],
                "relation_viewer": [
                    "on the right side of the road",
                    "facing away from the viewer"
                ],
                "relation_others": [
                    "positioned near a bus stop",
                    "with waiting pedestrians"
                ]
            }
        ]
    },
    {
        "id": "zurich_city_09_b_297_101",
        "image_path": "data/train/zurich_city_09_b/image/000101.jpg",
        "event_path": "data/train/zurich_city_09_b/event/000101.npz",
        "index": "6",
        "bbox": {
            "x": 415.0,
            "y": 177.0,
            "w": 85.0,
            "h": 57.0
        },
        "class": "bus",
        "others": [
            {
                "id": "zurich_city_09_b_304_101",
                "class": "car",
                "bbox": {
                    "x": 115.0,
                    "y": 214.0,
                    "w": 59.0,
                    "h": 34.0
                }
            }
        ],
        "number of other objects": 1,
        "captions": [
            "A white bus is stationary at a bus stop on the right side of the road, with people waiting nearby and surrounded by trees and streetlights.",
            "White bus is stationary at a bus stop on the right side of the road, with people waiting nearby and surrounded by trees and streetlights.",
            "Stationary white bus is at a bus stop on the right side of the road, with people waiting nearby and surrounded by trees and streetlights."
        ],
        "attributes": [
            {
                "appearance": [
                    "white bus"
                ],
                "status": [
                    "stationary"
                ],
                "relation_viewer": [
                    "at a bus stop on the right side of the road"
                ],
                "relation_others": [
                    "people waiting nearby",
                    "surrounded by trees",
                    "surrounded by streetlights"
                ]
            },
            {
                "appearance": [
                    "white bus"
                ],
                "status": [
                    "stationary"
                ],
                "relation_viewer": [
                    "at a bus stop on the right side of the road"
                ],
                "relation_others": [
                    "people waiting nearby",
                    "surrounded by trees",
                    "surrounded by streetlights"
                ]
            },
            {
                "appearance": [
                    "white bus"
                ],
                "status": [
                    "stationary"
                ],
                "relation_viewer": [
                    "at a bus stop on the right side of the road"
                ],
                "relation_others": [
                    "people waiting nearby",
                    "surrounded by trees",
                    "surrounded by streetlights"
                ]
            }
        ]
    },
    {
        "id": "zurich_city_09_b_297_109",
        "image_path": "data/train/zurich_city_09_b/image/000109.jpg",
        "event_path": "data/train/zurich_city_09_b/event/000109.npz",
        "index": "7",
        "bbox": {
            "x": 419.0,
            "y": 174.0,
            "w": 106.0,
            "h": 62.0
        },
        "class": "bus",
        "others": [
            {
                "id": "zurich_city_09_b_304_109",
                "class": "car",
                "bbox": {
                    "x": 15.0,
                    "y": 219.0,
                    "w": 95.0,
                    "h": 46.0
                }
            }
        ],
        "number of other objects": 1,
        "captions": [
            "A white bus is stationary or moving slowly on the right-most side of the road, in front of the viewer, with people waiting at the bus stop nearby.",
            "White bus is stationary or moving slowly on the right-most side of the road, in front of the viewer, with people waiting at the bus stop nearby.",
            "On the right-most side of the road, a white bus is stationary or moving slowly in front of the viewer, with people waiting at the bus stop nearby."
        ],
        "attributes": [
            {
                "appearance": [
                    "white bus"
                ],
                "status": [
                    "stationary",
                    "moving slowly"
                ],
                "relation_viewer": [
                    "on the right-most side of the road",
                    "in front of the viewer"
                ],
                "relation_others": [
                    "people waiting at the bus stop nearby"
                ]
            },
            {
                "appearance": [
                    "white bus"
                ],
                "status": [
                    "stationary",
                    "moving slowly"
                ],
                "relation_viewer": [
                    "on the right-most side of the road",
                    "in front of the viewer"
                ],
                "relation_others": [
                    "people waiting at the bus stop nearby"
                ]
            },
            {
                "appearance": [
                    "white bus"
                ],
                "status": [
                    "stationary",
                    "moving slowly"
                ],
                "relation_viewer": [
                    "in front of the viewer"
                ],
                "relation_others": [
                    "on the right-most side of the road",
                    "people waiting at the bus stop nearby"
                ]
            }
        ]
    },
    {
        "id": "zurich_city_09_b_297_117",
        "image_path": "data/train/zurich_city_09_b/image/000117.jpg",
        "event_path": "data/train/zurich_city_09_b/event/000117.npz",
        "index": "8",
        "bbox": {
            "x": 432.0,
            "y": 167.0,
            "w": 133.0,
            "h": 77.0
        },
        "class": "bus",
        "others": [
            {
                "id": "zurich_city_09_b_308_117",
                "class": "car",
                "bbox": {
                    "x": 95.0,
                    "y": 214.0,
                    "w": 69.0,
                    "h": 36.0
                }
            }
        ],
        "number of other objects": 1,
        "captions": [
            "A white bus is stationary or moving slowly on the right side of the road, near a bus stop with people waiting, and is positioned in front of the viewer, slightly to the right.",
            "White bus is stationary or moving slowly on the right side of the road, near a bus stop with people waiting, positioned in front of the viewer, slightly to the right.",
            "Stationary or slowly moving white bus is positioned on the right side of the road, near a bus stop with people waiting, in front of the viewer and slightly to the right."
        ],
        "attributes": [
            {
                "appearance": [
                    "white bus"
                ],
                "status": [
                    "stationary",
                    "moving slowly"
                ],
                "relation_viewer": [
                    "positioned in front of the viewer",
                    "slightly to the right"
                ],
                "relation_others": [
                    "near a bus stop",
                    "people waiting"
                ]
            },
            {
                "appearance": [
                    "white bus"
                ],
                "status": [
                    "stationary",
                    "moving slowly"
                ],
                "relation_viewer": [
                    "positioned in front of the viewer",
                    "slightly to the right"
                ],
                "relation_others": [
                    "near a bus stop with people waiting"
                ]
            },
            {
                "appearance": [
                    "white bus"
                ],
                "status": [
                    "stationary",
                    "slowly moving"
                ],
                "relation_viewer": [
                    "positioned on the right side of the road",
                    "in front of the viewer",
                    "slightly to the right"
                ],
                "relation_others": [
                    "near a bus stop with people waiting"
                ]
            }
        ]
    },
    {
        "id": "zurich_city_09_b_297_125",
        "image_path": "data/train/zurich_city_09_b/image/000125.jpg",
        "event_path": "data/train/zurich_city_09_b/event/000125.npz",
        "index": "9",
        "bbox": {
            "x": 434.0,
            "y": 153.0,
            "w": 192.0,
            "h": 98.0
        },
        "class": "bus",
        "others": [
            {
                "id": "zurich_city_09_b_308_125",
                "class": "car",
                "bbox": {
                    "x": 0.0,
                    "y": 216.0,
                    "w": 90.0,
                    "h": 52.0
                }
            }
        ],
        "number of other objects": 1,
        "captions": [
            "A white and blue articulated bus is stationary at a bus stop on the right side of the road, with pedestrians nearby and streetlights illuminating the area.",
            "White and blue articulated bus is stationary at a bus stop on the right side of the road, with pedestrians nearby and streetlights illuminating the area.",
            "At a bus stop on the right side of the road, a white and blue articulated bus is stationary, with pedestrians nearby and streetlights illuminating the area."
        ],
        "attributes": [
            {
                "appearance": [
                    "white and blue articulated bus"
                ],
                "status": [
                    "stationary"
                ],
                "relation_viewer": [
                    "at a bus stop on the right side of the road"
                ],
                "relation_others": [
                    "pedestrians nearby",
                    "streetlights illuminating the area"
                ]
            },
            {
                "appearance": [
                    "white and blue articulated bus"
                ],
                "status": [
                    "stationary"
                ],
                "relation_viewer": [
                    "at a bus stop on the right side of the road"
                ],
                "relation_others": [
                    "pedestrians nearby",
                    "streetlights illuminating the area"
                ]
            },
            {
                "appearance": [
                    "white and blue articulated bus"
                ],
                "status": [
                    "stationary"
                ],
                "relation_viewer": [
                    "at a bus stop on the right side of the road"
                ],
                "relation_others": [
                    "pedestrians nearby",
                    "streetlights illuminating the area"
                ]
            }
        ]
    },
    {
        "id": "zurich_city_09_b_304_101",
        "image_path": "data/train/zurich_city_09_b/image/000101.jpg",
        "event_path": "data/train/zurich_city_09_b/event/000101.npz",
        "index": "0",
        "bbox": {
            "x": 115.0,
            "y": 214.0,
            "w": 59.0,
            "h": 34.0
        },
        "class": "car",
        "others": [
            {
                "id": "zurich_city_09_b_297_101",
                "class": "bus",
                "bbox": {
                    "x": 415.0,
                    "y": 177.0,
                    "w": 85.0,
                    "h": 57.0
                }
            }
        ],
        "number of other objects": 1,
        "captions": [
            "A moving car with headlights on is on the left side of the road, near the sidewalk, with a tree and streetlights nearby, and it is facing towards the left side of the image. Among all cars on the left, it is the closest car to the viewer.",
            "Moving car with headlights on is on the left side of the road, near the sidewalk, with a tree and streetlights nearby, and it is facing towards the left side of the image. Among all cars on the left, it is the closest car to the viewer.",
            "With headlights on, a moving car is on the left side of the road, near the sidewalk, facing towards the left side of the image, and is the closest car to the viewer."
        ],
        "attributes": [
            {
                "appearance": [
                    "moving car with headlights on"
                ],
                "status": [
                    "moving"
                ],
                "relation_viewer": [
                    "on the left side of the road",
                    "closest car to the viewer"
                ],
                "relation_others": [
                    "near the sidewalk",
                    "tree nearby",
                    "streetlights nearby",
                    "facing towards the left side of the image"
                ]
            },
            {
                "appearance": [
                    "car with headlights on"
                ],
                "status": [
                    "moving"
                ],
                "relation_viewer": [
                    "on the left side of the road",
                    "closest car to the viewer"
                ],
                "relation_others": [
                    "near the sidewalk",
                    "a tree nearby",
                    "streetlights nearby",
                    "facing towards the left side of the image"
                ]
            },
            {
                "appearance": [
                    "car with headlights on"
                ],
                "status": [
                    "moving"
                ],
                "relation_viewer": [
                    "on the left side of the road",
                    "facing towards the left side of the image",
                    "closest car to the viewer"
                ],
                "relation_others": [
                    "near the sidewalk"
                ]
            }
        ]
    },
    {
        "id": "zurich_city_09_b_304_109",
        "image_path": "data/train/zurich_city_09_b/image/000109.jpg",
        "event_path": "data/train/zurich_city_09_b/event/000109.npz",
        "index": "1",
        "bbox": {
            "x": 15.0,
            "y": 219.0,
            "w": 95.0,
            "h": 46.0
        },
        "class": "car",
        "others": [
            {
                "id": "zurich_city_09_b_297_109",
                "class": "bus",
                "bbox": {
                    "x": 419.0,
                    "y": 174.0,
                    "w": 106.0,
                    "h": 62.0
                }
            }
        ],
        "number of other objects": 1,
        "captions": [
            "A sedan is driving on the left side of the road, near the edge, facing the left side of the image, with other vehicles and pedestrians further down the road.",
            "Sedan is driving on the left side of the road, near the edge, facing the left side of the image, with other vehicles and pedestrians further down the road.",
            "On the left side of the road, a sedan is driving near the edge, facing the left side of the image, with other vehicles and pedestrians further down the road."
        ],
        "attributes": [
            {
                "appearance": [
                    "sedan"
                ],
                "status": [
                    "driving"
                ],
                "relation_viewer": [
                    "on the left side of the road",
                    "facing the left side of the image"
                ],
                "relation_others": [
                    "near the edge",
                    "other vehicles and pedestrians further down the road"
                ]
            },
            {
                "appearance": [
                    "sedan"
                ],
                "status": [
                    "driving"
                ],
                "relation_viewer": [
                    "on the left side of the road",
                    "facing the left side of the image"
                ],
                "relation_others": [
                    "near the edge",
                    "other vehicles and pedestrians further down the road"
                ]
            },
            {
                "appearance": [
                    "sedan"
                ],
                "status": [
                    "driving"
                ],
                "relation_viewer": [
                    "on the left side of the road",
                    "facing the left side of the image"
                ],
                "relation_others": [
                    "other vehicles and pedestrians further down the road"
                ]
            }
        ]
    },
    {
        "id": "zurich_city_09_b_308_117",
        "image_path": "data/train/zurich_city_09_b/image/000117.jpg",
        "event_path": "data/train/zurich_city_09_b/event/000117.npz",
        "index": "0",
        "bbox": {
            "x": 95.0,
            "y": 214.0,
            "w": 69.0,
            "h": 36.0
        },
        "class": "car",
        "others": [
            {
                "id": "zurich_city_09_b_297_117",
                "class": "bus",
                "bbox": {
                    "x": 432.0,
                    "y": 167.0,
                    "w": 133.0,
                    "h": 77.0
                }
            }
        ],
        "number of other objects": 1,
        "captions": [
            "A moving sedan with headlights on is positioned on the left side of the road, near the curb, to the left of the viewer's perspective, next to a tree and a sidewalk, with other vehicles and a bus further down the road.",
            "Moving sedan with headlights on is positioned on the left side of the road, near the curb, to the left of the viewer's perspective, next to a tree and a sidewalk, with other vehicles and a bus further down the road.",
            "On the left side of the road, a moving sedan with headlights on is positioned near the curb, to the left of the viewer's perspective, next to a tree and a sidewalk, with other vehicles and a bus further down the road."
        ],
        "attributes": [
            {
                "appearance": [
                    "moving sedan with headlights on"
                ],
                "status": [
                    "moving"
                ],
                "relation_viewer": [
                    "on the left side of the road",
                    "to the left of the viewer's perspective"
                ],
                "relation_others": [
                    "near the curb",
                    "next to a tree",
                    "next to a sidewalk",
                    "other vehicles and a bus further down the road"
                ]
            },
            {
                "appearance": [
                    "sedan with headlights on"
                ],
                "status": [
                    "moving"
                ],
                "relation_viewer": [
                    "on the left side of the road",
                    "to the left of the viewer's perspective"
                ],
                "relation_others": [
                    "near the curb",
                    "next to a tree",
                    "next to a sidewalk",
                    "other vehicles and a bus further down the road"
                ]
            },
            {
                "appearance": [
                    "sedan with headlights on"
                ],
                "status": [
                    "moving"
                ],
                "relation_viewer": [
                    "to the left of the viewer's perspective"
                ],
                "relation_others": [
                    "near the curb",
                    "next to a tree",
                    "next to a sidewalk",
                    "other vehicles and a bus further down the road"
                ]
            }
        ]
    },
    {
        "id": "zurich_city_09_b_328_245",
        "image_path": "data/train/zurich_city_09_b/image/000245.jpg",
        "event_path": "data/train/zurich_city_09_b/event/000245.npz",
        "index": "1",
        "bbox": {
            "x": 19.0,
            "y": 207.0,
            "w": 82.0,
            "h": 36.0
        },
        "class": "car",
        "others": [],
        "number of other objects": 0,
        "captions": [
            "A white sedan is driving on the left side of the road, near the sidewalk, and is positioned to the left of the viewer's perspective, facing towards the left side of the image.",
            "White sedan is driving on the left side of the road, near the sidewalk, and is positioned to the left of the viewer's perspective, facing towards the left side of the image.",
            "On the left side of the road, a white sedan is driving near the sidewalk, positioned to the left of the viewer's perspective, facing towards the left side of the image."
        ],
        "attributes": [
            {
                "appearance": [
                    "white sedan"
                ],
                "status": [
                    "driving"
                ],
                "relation_viewer": [
                    "to the left of the viewer's perspective",
                    "facing towards the left side of the image"
                ],
                "relation_others": [
                    "near the sidewalk"
                ]
            },
            {
                "appearance": [
                    "white sedan"
                ],
                "status": [
                    "driving"
                ],
                "relation_viewer": [
                    "to the left of the viewer's perspective",
                    "facing towards the left side of the image"
                ],
                "relation_others": [
                    "near the sidewalk"
                ]
            },
            {
                "appearance": [
                    "white sedan"
                ],
                "status": [
                    "driving"
                ],
                "relation_viewer": [
                    "to the left of the viewer's perspective",
                    "facing towards the left side of the image"
                ],
                "relation_others": [
                    "near the sidewalk"
                ]
            }
        ]
    },
    {
        "id": "zurich_city_09_b_334_197",
        "image_path": "data/train/zurich_city_09_b/image/000197.jpg",
        "event_path": "data/train/zurich_city_09_b/event/000197.npz",
        "index": "0",
        "bbox": {
            "x": 148.0,
            "y": 203.0,
            "w": 47.0,
            "h": 31.0
        },
        "class": "car",
        "others": [],
        "number of other objects": 0,
        "captions": [
            "A white van is driving on the left side of the road, next to a tree and a streetlight, and it is positioned to the left of the viewer's perspective.",
            "White van is driving on the left side of the road, next to a tree and a streetlight, and it is positioned to the left of the viewer's perspective.",
            "On the left side of the road, a white van is driving next to a tree and a streetlight, positioned to the left of the viewer's perspective."
        ],
        "attributes": [
            {
                "appearance": [
                    "white van"
                ],
                "status": [
                    "driving"
                ],
                "relation_viewer": [
                    "to the left of the viewer's perspective"
                ],
                "relation_others": [
                    "next to a tree",
                    "next to a streetlight"
                ]
            },
            {
                "appearance": [
                    "white van"
                ],
                "status": [
                    "driving"
                ],
                "relation_viewer": [
                    "to the left of the viewer's perspective"
                ],
                "relation_others": [
                    "on the left side of the road",
                    "next to a tree",
                    "next to a streetlight"
                ]
            },
            {
                "appearance": [
                    "white van"
                ],
                "status": [
                    "driving"
                ],
                "relation_viewer": [
                    "to the left of the viewer's perspective"
                ],
                "relation_others": [
                    "next to a tree",
                    "next to a streetlight"
                ]
            }
        ]
    },
    {
        "id": "zurich_city_09_b_334_205",
        "image_path": "data/train/zurich_city_09_b/image/000205.jpg",
        "event_path": "data/train/zurich_city_09_b/event/000205.npz",
        "index": "1",
        "bbox": {
            "x": 121.0,
            "y": 201.0,
            "w": 54.0,
            "h": 36.0
        },
        "class": "car",
        "others": [],
        "number of other objects": 0,
        "captions": [
            "A white van is driving on the left side of the road, near a tree and other vehicles. From the viewer's perspective, it is the first car counting from the left.",
            "A white van is driving on the left side of the road, near a tree and other vehicles. From the viewer's perspective, it is the first car counting from the left.",
            "On the left side of the road, a white van is driving near a tree and other vehicles. From the viewer's perspective, it is the first car counting from the left."
        ],
        "attributes": [
            {
                "appearance": [
                    "white van"
                ],
                "status": [
                    "driving"
                ],
                "relation_viewer": [
                    "on the left side of the road",
                    "first car counting from the left"
                ],
                "relation_others": [
                    "near a tree",
                    "near other vehicles"
                ]
            },
            {
                "appearance": [
                    "white van"
                ],
                "status": [
                    "driving"
                ],
                "relation_viewer": [
                    "on the left side of the road",
                    "first car counting from the left"
                ],
                "relation_others": [
                    "near a tree",
                    "near other vehicles"
                ]
            },
            {
                "appearance": [
                    "white van"
                ],
                "status": [
                    "driving"
                ],
                "relation_viewer": [
                    "the first car counting from the left"
                ],
                "relation_others": [
                    "on the left side of the road",
                    "near a tree",
                    "near other vehicles"
                ]
            }
        ]
    },
    {
        "id": "zurich_city_09_b_334_213",
        "image_path": "data/train/zurich_city_09_b/image/000213.jpg",
        "event_path": "data/train/zurich_city_09_b/event/000213.npz",
        "index": "2",
        "bbox": {
            "x": 88.0,
            "y": 201.0,
            "w": 66.0,
            "h": 41.0
        },
        "class": "car",
        "others": [],
        "number of other objects": 0,
        "captions": [
            "A white van is driving on the left side of the road, near the curb, with trees and buildings nearby. From the viewer's perspective, it is the first car counting from the left.",
            "A white van is driving on the left side of the road, near the curb, with trees and buildings nearby. From the viewer's perspective, it is the first car counting from the left.",
            "On the left side of the road, a white van is driving near the curb, with trees and buildings nearby. From the viewer's perspective, it is the first car counting from the left."
        ],
        "attributes": [
            {
                "appearance": [
                    "white van"
                ],
                "status": [
                    "driving"
                ],
                "relation_viewer": [
                    "on the left side of the road",
                    "near the curb",
                    "first car counting from the left"
                ],
                "relation_others": [
                    "trees and buildings nearby"
                ]
            },
            {
                "appearance": [
                    "white van"
                ],
                "status": [
                    "driving"
                ],
                "relation_viewer": [
                    "on the left side of the road",
                    "near the curb",
                    "first car counting from the left"
                ],
                "relation_others": [
                    "near trees",
                    "near buildings"
                ]
            },
            {
                "appearance": [
                    "white van"
                ],
                "status": [
                    "driving"
                ],
                "relation_viewer": [
                    "on the left side of the road",
                    "first car counting from the left"
                ],
                "relation_others": [
                    "near the curb",
                    "with trees and buildings nearby"
                ]
            }
        ]
    },
    {
        "id": "zurich_city_09_b_334_221",
        "image_path": "data/train/zurich_city_09_b/image/000221.jpg",
        "event_path": "data/train/zurich_city_09_b/event/000221.npz",
        "index": "3",
        "bbox": {
            "x": 40.0,
            "y": 198.0,
            "w": 85.0,
            "h": 48.0
        },
        "class": "car",
        "others": [],
        "number of other objects": 0,
        "captions": [
            "A white van is driving on the left side of the road, next to a tree and in front of a building, and it is positioned to the left of the viewer's perspective. From the viewer's perspective, it is the first car counting from the left.",
            "White van is driving on the left side of the road, next to a tree and in front of a building, positioned to the left of the viewer's perspective. From the viewer's perspective, it is the first car counting from the left.",
            "On the left side of the road, a white van is driving next to a tree and in front of a building, positioned to the left of the viewer's perspective. From the viewer's perspective, it is the first car counting from the left."
        ],
        "attributes": [
            {
                "appearance": [
                    "white van"
                ],
                "status": [
                    "driving"
                ],
                "relation_viewer": [
                    "on the left side of the road",
                    "positioned to the left of the viewer's perspective",
                    "first car counting from the left"
                ],
                "relation_others": [
                    "next to a tree",
                    "in front of a building"
                ]
            },
            {
                "appearance": [
                    "white van"
                ],
                "status": [
                    "driving"
                ],
                "relation_viewer": [
                    "on the left side of the road",
                    "to the left of the viewer's perspective",
                    "first car counting from the left"
                ],
                "relation_others": [
                    "next to a tree",
                    "in front of a building"
                ]
            },
            {
                "appearance": [
                    "white van"
                ],
                "status": [
                    "driving"
                ],
                "relation_viewer": [
                    "on the left side of the road",
                    "to the left of the viewer's perspective"
                ],
                "relation_others": [
                    "next to a tree",
                    "in front of a building",
                    "the first car counting from the left"
                ]
            }
        ]
    },
    {
        "id": "zurich_city_09_b_336_309",
        "image_path": "data/train/zurich_city_09_b/image/000309.jpg",
        "event_path": "data/train/zurich_city_09_b/event/000309.npz",
        "index": "2",
        "bbox": {
            "x": 65.0,
            "y": 201.0,
            "w": 64.0,
            "h": 40.0
        },
        "class": "car",
        "others": [
            {
                "id": "zurich_city_09_b_348_309",
                "class": "car",
                "bbox": {
                    "x": 15.0,
                    "y": 209.0,
                    "w": 60.0,
                    "h": 39.0
                }
            }
        ],
        "number of other objects": 1,
        "captions": [
            "A red car is driving on the left side of the road, near the edge, and is surrounded by other parked vehicles and street elements.",
            "Red car is driving on the left side of the road, near the edge, surrounded by other parked vehicles and street elements.",
            "On the left side of the road, a red car is driving near the edge, surrounded by other parked vehicles and street elements."
        ],
        "attributes": [
            {
                "appearance": [
                    "red car"
                ],
                "status": [
                    "driving"
                ],
                "relation_viewer": [
                    "on the left side of the road",
                    "near the edge"
                ],
                "relation_others": [
                    "surrounded by other parked vehicles",
                    "surrounded by street elements"
                ]
            },
            {
                "appearance": [
                    "red car"
                ],
                "status": [
                    "driving"
                ],
                "relation_viewer": [
                    "on the left side of the road",
                    "near the edge"
                ],
                "relation_others": [
                    "surrounded by other parked vehicles",
                    "surrounded by street elements"
                ]
            },
            {
                "appearance": [
                    "red car"
                ],
                "status": [
                    "driving"
                ],
                "relation_viewer": [
                    "on the left side of the road",
                    "near the edge"
                ],
                "relation_others": [
                    "surrounded by other parked vehicles",
                    "surrounded by street elements"
                ]
            }
        ]
    },
    {
        "id": "zurich_city_09_b_336_317",
        "image_path": "data/train/zurich_city_09_b/image/000317.jpg",
        "event_path": "data/train/zurich_city_09_b/event/000317.npz",
        "index": "3",
        "bbox": {
            "x": 12.0,
            "y": 199.0,
            "w": 86.0,
            "h": 49.0
        },
        "class": "car",
        "others": [
            {
                "id": "zurich_city_09_b_350_317",
                "class": "car",
                "bbox": {
                    "x": 95.0,
                    "y": 210.0,
                    "w": 41.0,
                    "h": 30.0
                }
            }
        ],
        "number of other objects": 1,
        "captions": [
            "A red car is driving on the left side of the road, slightly ahead of the viewer's perspective, with other cars and streetlights nearby.",
            "Red car is driving on the left side of the road, slightly ahead of the viewer's perspective, with other cars and streetlights nearby.",
            "On the left side of the road, a red car is driving slightly ahead of the viewer's perspective, with other cars and streetlights nearby."
        ],
        "attributes": [
            {
                "appearance": [
                    "red car"
                ],
                "status": [
                    "driving"
                ],
                "relation_viewer": [
                    "slightly ahead of the viewer's perspective"
                ],
                "relation_others": [
                    "other cars nearby",
                    "streetlights nearby"
                ]
            },
            {
                "appearance": [
                    "red car"
                ],
                "status": [
                    "driving"
                ],
                "relation_viewer": [
                    "slightly ahead of the viewer's perspective"
                ],
                "relation_others": [
                    "other cars nearby",
                    "streetlights nearby"
                ]
            },
            {
                "appearance": [
                    "red car"
                ],
                "status": [
                    "driving"
                ],
                "relation_viewer": [
                    "driving slightly ahead of the viewer's perspective"
                ],
                "relation_others": [
                    "on the left side of the road",
                    "other cars nearby",
                    "streetlights nearby"
                ]
            }
        ]
    },
    {
        "id": "zurich_city_09_b_350_325",
        "image_path": "data/train/zurich_city_09_b/image/000325.jpg",
        "event_path": "data/train/zurich_city_09_b/event/000325.npz",
        "index": "1",
        "bbox": {
            "x": 52.0,
            "y": 210.0,
            "w": 57.0,
            "h": 35.0
        },
        "class": "car",
        "others": [
            {
                "id": "zurich_city_09_b_336_325",
                "class": "car",
                "bbox": {
                    "x": 0.0,
                    "y": 198.0,
                    "w": 57.0,
                    "h": 58.0
                }
            }
        ],
        "number of other objects": 1,
        "captions": [
            "A white sedan is parked on the left side of the road, near the curb, and is surrounded by other vehicles and street lights.",
            "White sedan is parked on the left side of the road, near the curb, surrounded by other vehicles and street lights.",
            "On the left side of the road, a white sedan is parked near the curb, surrounded by other vehicles and street lights."
        ],
        "attributes": [
            {
                "appearance": [
                    "white sedan"
                ],
                "status": [
                    "parked"
                ],
                "relation_viewer": [
                    "on the left side of the road",
                    "near the curb"
                ],
                "relation_others": [
                    "surrounded by other vehicles",
                    "surrounded by street lights"
                ]
            },
            {
                "appearance": [
                    "white sedan"
                ],
                "status": [
                    "parked"
                ],
                "relation_viewer": [
                    "on the left side of the road",
                    "near the curb"
                ],
                "relation_others": [
                    "surrounded by other vehicles",
                    "surrounded by street lights"
                ]
            },
            {
                "appearance": [
                    "white sedan"
                ],
                "status": [
                    "parked"
                ],
                "relation_viewer": [
                    "on the left side of the road",
                    "near the curb"
                ],
                "relation_others": [
                    "surrounded by other vehicles",
                    "surrounded by street lights"
                ]
            }
        ]
    }
]