[
    {
        "id": "zurich_city_02_a_11_77",
        "image_path": "data/train/zurich_city_02_a/image/000077.jpg",
        "event_path": "data/train/zurich_city_02_a/event/000077.npz",
        "index": "0",
        "bbox": {
            "x": 85.0,
            "y": 200.0,
            "w": 86.0,
            "h": 30.0
        },
        "class": "car",
        "others": [],
        "number of other objects": 0,
        "captions": [
            "A silver sedan is parked stationary on the left side of the road, in front of the viewer and surrounded by other cars and buildings. The head of the car is to the left.",
            "The silver sedan is parked stationary on the left side of the road, in front of the viewer and surrounded by other cars and buildings, with its front facing left.",
            "Parked on the left side of the road, the silver sedan is in front of the viewer, surrounded by buildings and other cars, with the head facing to the left."
        ],
        "attributes": [
            {
                "appearance": [
                    "silver sedan"
                ],
                "status": [
                    "parked stationary"
                ],
                "relation_viewer": [
                    "on the left side of the road",
                    "in front of the viewer"
                ],
                "relation_others": [
                    "surrounded by other cars",
                    "surrounded by buildings",
                    "head of the car to the left"
                ]
            },
            {
                "appearance": [
                    "silver sedan"
                ],
                "status": [
                    "parked stationary"
                ],
                "relation_viewer": [
                    "on the left side of the road",
                    "in front of the viewer"
                ],
                "relation_others": [
                    "surrounded by other cars",
                    "surrounded by buildings",
                    "front facing left"
                ]
            },
            {
                "appearance": [
                    "silver sedan"
                ],
                "status": [
                    "parked"
                ],
                "relation_viewer": [
                    "in front of the viewer"
                ],
                "relation_others": [
                    "surrounded by buildings",
                    "surrounded by other cars",
                    "head facing to the left"
                ]
            }
        ]
    },
    {
        "id": "zurich_city_02_a_11_85",
        "image_path": "data/train/zurich_city_02_a/image/000085.jpg",
        "event_path": "data/train/zurich_city_02_a/event/000085.npz",
        "index": "1",
        "bbox": {
            "x": 66.0,
            "y": 198.0,
            "w": 99.0,
            "h": 32.0
        },
        "class": "car",
        "others": [],
        "number of other objects": 0,
        "captions": [
            "A silver or light-colored sedan is parked stationary on the left side of the road, near a building and some trees, and is positioned in front of the viewer. The head of the car is to the left.",
            "The silver or light-colored sedan is parked stationary on the left side of the road, near a building and some trees, positioned in front of the viewer, with its head facing left.",
            "Positioned in front of the viewer, the silver or light-colored sedan is parked stationary on the left side of the road, near a building and trees."
        ],
        "attributes": [
            {
                "appearance": [
                    "silver or light-colored sedan"
                ],
                "status": [
                    "parked stationary"
                ],
                "relation_viewer": [
                    "positioned in front of the viewer"
                ],
                "relation_others": [
                    "on the left side of the road",
                    "near a building",
                    "near some trees"
                ]
            },
            {
                "appearance": [
                    "silver or light-colored sedan"
                ],
                "status": [
                    "parked stationary"
                ],
                "relation_viewer": [
                    "on the left side of the road",
                    "positioned in front of the viewer"
                ],
                "relation_others": [
                    "near a building",
                    "near some trees"
                ]
            },
            {
                "appearance": [
                    "silver or light-colored sedan"
                ],
                "status": [
                    "parked stationary"
                ],
                "relation_viewer": [
                    "positioned in front of the viewer"
                ],
                "relation_others": [
                    "on the left side of the road",
                    "near a building",
                    "near trees"
                ]
            }
        ]
    },
    {
        "id": "zurich_city_02_a_11_93",
        "image_path": "data/train/zurich_city_02_a/image/000093.jpg",
        "event_path": "data/train/zurich_city_02_a/event/000093.npz",
        "index": "2",
        "bbox": {
            "x": 68.0,
            "y": 200.0,
            "w": 103.0,
            "h": 35.0
        },
        "class": "car",
        "others": [],
        "number of other objects": 0,
        "captions": [
            "A dark-colored or silver sedan is parked stationary on the left side of the road, in front of the viewer and near a building, with no indication of movement. The head of the car is to the left.",
            "The dark-colored or silver sedan is parked stationary on the left side of the road, in front of the viewer and near a building, showing no movement, with its head facing left.",
            "Parked on the left side of the road, the dark-colored or silver sedan is in front of the viewer, near a building, with no movement, and facing left."
        ],
        "attributes": [
            {
                "appearance": [
                    "dark-colored or silver sedan"
                ],
                "status": [
                    "parked stationary"
                ],
                "relation_viewer": [
                    "on the left side of the road",
                    "in front of the viewer"
                ],
                "relation_others": [
                    "near a building"
                ]
            },
            {
                "appearance": [
                    "dark-colored or silver sedan"
                ],
                "status": [
                    "parked stationary",
                    "no movement"
                ],
                "relation_viewer": [
                    "on the left side of the road",
                    "in front of the viewer"
                ],
                "relation_others": [
                    "near a building",
                    "head facing left"
                ]
            },
            {
                "appearance": [
                    "dark-colored or silver sedan"
                ],
                "status": [
                    "no movement"
                ],
                "relation_viewer": [
                    "in front of the viewer"
                ],
                "relation_others": [
                    "on the left side of the road",
                    "near a building",
                    "facing left"
                ]
            }
        ]
    },
    {
        "id": "zurich_city_02_a_11_101",
        "image_path": "data/train/zurich_city_02_a/image/000101.jpg",
        "event_path": "data/train/zurich_city_02_a/event/000101.npz",
        "index": "3",
        "bbox": {
            "x": 66.0,
            "y": 200.0,
            "w": 112.0,
            "h": 37.0
        },
        "class": "car",
        "others": [],
        "number of other objects": 0,
        "captions": [
            "A silver sedan is parked stationary on the left side of the image, near the edge of the road, with its front facing towards the left side of the image, surrounded by other parked cars and street elements. This is the closest car to the viewer",
            "Positioned on the left side of the image, the silver sedan is parked stationary near the edge of the road, with its front facing towards the left side of the image, surrounded by parked cars and street elements. This is the closest car to the viewer.",
            "The silver sedan is parked stationary on the left side of the image, its front facing left, near the edge of the road, surrounded by other vehicles and street elements, closest to the viewer."
        ],
        "attributes": [
            {
                "appearance": [
                    "silver sedan"
                ],
                "status": [
                    "parked stationary"
                ],
                "relation_viewer": [
                    "on the left side of the image",
                    "near the edge of the road",
                    "closest car to the viewer"
                ],
                "relation_others": [
                    "surrounded by other parked cars",
                    "surrounded by street elements"
                ]
            },
            {
                "appearance": [
                    "silver sedan"
                ],
                "status": [
                    "parked stationary"
                ],
                "relation_viewer": [
                    "on the left side of the image",
                    "closest car to the viewer"
                ],
                "relation_others": [
                    "surrounded by parked cars",
                    "surrounded by street elements",
                    "front facing towards the left side of the image"
                ]
            },
            {
                "appearance": [
                    "silver sedan"
                ],
                "status": [
                    "parked stationary"
                ],
                "relation_viewer": [
                    "on the left side of the image",
                    "closest to the viewer"
                ],
                "relation_others": [
                    "near the edge of the road",
                    "surrounded by other vehicles and street elements"
                ]
            }
        ]
    },
    {
        "id": "zurich_city_02_a_11_109",
        "image_path": "data/train/zurich_city_02_a/image/000109.jpg",
        "event_path": "data/train/zurich_city_02_a/event/000109.npz",
        "index": "4",
        "bbox": {
            "x": 36.0,
            "y": 200.0,
            "w": 137.0,
            "h": 43.0
        },
        "class": "car",
        "others": [],
        "number of other objects": 0,
        "captions": [
            "A dark-colored sedan is parked stationary on the left side of the image, with its front facing toward the left side, near the edge of the road and close to some buildings.",
            "The dark-colored sedan is parked stationary on the left side of the image, its front facing towards the left side, near the edge of the road and close to some buildings.",
            "Positioned near the edge of the road, the dark-colored sedan is parked stationary on the left side of the image, close to buildings with its front facing left."
        ],
        "attributes": [
            {
                "appearance": [
                    "dark-colored sedan"
                ],
                "status": [
                    "parked stationary"
                ],
                "relation_viewer": [
                    "on the left side of the image",
                    "front facing toward the left side"
                ],
                "relation_others": [
                    "near the edge of the road",
                    "close to some buildings"
                ]
            },
            {
                "appearance": [
                    "dark-colored sedan"
                ],
                "status": [
                    "parked stationary"
                ],
                "relation_viewer": [
                    "on the left side of the image",
                    "its front facing towards the left side"
                ],
                "relation_others": [
                    "near the edge of the road",
                    "close to some buildings"
                ]
            },
            {
                "appearance": [
                    "dark-colored sedan"
                ],
                "status": [
                    "parked stationary"
                ],
                "relation_viewer": [
                    "on the left side of the image"
                ],
                "relation_others": [
                    "close to buildings",
                    "front facing left"
                ]
            }
        ]
    },
    {
        "id": "zurich_city_02_a_11_117",
        "image_path": "data/train/zurich_city_02_a/image/000117.jpg",
        "event_path": "data/train/zurich_city_02_a/event/000117.npz",
        "index": "5",
        "bbox": {
            "x": 0.0,
            "y": 198.0,
            "w": 155.0,
            "h": 51.0
        },
        "class": "car",
        "others": [],
        "number of other objects": 0,
        "captions": [
            "A silver sedan is parked on the left side of the road, with its front facing left, stationary and positioned in front of the viewer, with other cars and buildings in the background.",
            "The silver sedan is parked on the left side of the road, its front facing left, stationary and positioned in front of the viewer, surrounded by cars and buildings in the background.",
            "Stationary on the left side of the road, the silver sedan is positioned in front of the viewer, facing left, with buildings and other vehicles in the background."
        ],
        "attributes": [
            {
                "appearance": [
                    "silver sedan"
                ],
                "status": [
                    "parked",
                    "stationary"
                ],
                "relation_viewer": [
                    "positioned in front of the viewer"
                ],
                "relation_others": [
                    "on the left side of the road",
                    "front facing left",
                    "other cars and buildings in the background"
                ]
            },
            {
                "appearance": [
                    "silver sedan"
                ],
                "status": [
                    "parked",
                    "stationary"
                ],
                "relation_viewer": [
                    "positioned in front of the viewer",
                    "facing left"
                ],
                "relation_others": [
                    "surrounded by cars",
                    "surrounded by buildings in the background"
                ]
            },
            {
                "appearance": [
                    "silver sedan"
                ],
                "status": [
                    "stationary"
                ],
                "relation_viewer": [
                    "positioned in front of the viewer",
                    "facing left"
                ],
                "relation_others": [
                    "buildings in the background",
                    "other vehicles in the background"
                ]
            }
        ]
    },
    {
        "id": "zurich_city_02_a_28_157",
        "image_path": "data/train/zurich_city_02_a/image/000157.jpg",
        "event_path": "data/train/zurich_city_02_a/event/000157.npz",
        "index": "0",
        "bbox": {
            "x": 485.0,
            "y": 198.0,
            "w": 78.0,
            "h": 32.0
        },
        "class": "car",
        "others": [
            {
                "id": "zurich_city_02_a_30_157",
                "class": "car",
                "bbox": {
                    "x": 361.0,
                    "y": 182.0,
                    "w": 64.0,
                    "h": 38.0
                }
            }
        ],
        "number of other objects": 1,
        "captions": [
            "A white sedan is parked on the right side of the road, with its front facing toward the right, near a pedestrian crossing sign and a lamppost, and it appears to be stationary.",
            "The white sedan is parked on the right side of the road, its front facing right, near a pedestrian crossing sign and a lamppost, appearing stationary.",
            "Parked on the right side of the road, the white sedan is positioned near a pedestrian crossing sign and lamppost, with its front facing right."
        ],
        "attributes": [
            {
                "appearance": [
                    "white sedan"
                ],
                "status": [
                    "stationary"
                ],
                "relation_viewer": [
                    "on the right side of the road",
                    "front facing toward the right"
                ],
                "relation_others": [
                    "near a pedestrian crossing sign",
                    "near a lamppost"
                ]
            },
            {
                "appearance": [
                    "white sedan"
                ],
                "status": [
                    "stationary"
                ],
                "relation_viewer": [
                    "on the right side of the road",
                    "front facing right"
                ],
                "relation_others": [
                    "near a pedestrian crossing sign",
                    "near a lamppost"
                ]
            },
            {
                "appearance": [
                    "white sedan"
                ],
                "status": [
                    "parked"
                ],
                "relation_viewer": [
                    "on the right side of the road"
                ],
                "relation_others": [
                    "near a pedestrian crossing sign",
                    "near a lamppost",
                    "front facing right"
                ]
            }
        ]
    },
    {
        "id": "zurich_city_02_a_28_165",
        "image_path": "data/train/zurich_city_02_a/image/000165.jpg",
        "event_path": "data/train/zurich_city_02_a/event/000165.npz",
        "index": "1",
        "bbox": {
            "x": 506.0,
            "y": 200.0,
            "w": 99.0,
            "h": 39.0
        },
        "class": "car",
        "others": [],
        "number of other objects": 0,
        "captions": [
            "A white sedan is parked stationary on the right side of the road, with its front facing toward the right, slightly ahead of the viewer's perspective, near a traffic sign and a pedestrian crossing.",
            "The white sedan is parked stationary on the right side of the road, its front facing right, slightly ahead of the viewer's perspective, near a traffic sign and a pedestrian crossing.",
            "Positioned on the right side of the road, the white sedan is stationary, facing right, and slightly ahead of the viewer, near a traffic sign and pedestrian crossing."
        ],
        "attributes": [
            {
                "appearance": [
                    "white sedan"
                ],
                "status": [
                    "parked stationary"
                ],
                "relation_viewer": [
                    "slightly ahead of the viewer's perspective"
                ],
                "relation_others": [
                    "near a traffic sign",
                    "near a pedestrian crossing"
                ]
            },
            {
                "appearance": [
                    "white sedan"
                ],
                "status": [
                    "parked stationary"
                ],
                "relation_viewer": [
                    "on the right side of the road",
                    "slightly ahead of the viewer's perspective"
                ],
                "relation_others": [
                    "near a traffic sign",
                    "near a pedestrian crossing"
                ]
            },
            {
                "appearance": [
                    "white sedan"
                ],
                "status": [
                    "stationary"
                ],
                "relation_viewer": [
                    "positioned on the right side of the road",
                    "slightly ahead of the viewer"
                ],
                "relation_others": [
                    "near a traffic sign",
                    "near a pedestrian crossing"
                ]
            }
        ]
    },
    {
        "id": "zurich_city_02_a_28_173",
        "image_path": "data/train/zurich_city_02_a/image/000173.jpg",
        "event_path": "data/train/zurich_city_02_a/event/000173.npz",
        "index": "2",
        "bbox": {
            "x": 537.0,
            "y": 202.0,
            "w": 102.0,
            "h": 54.0
        },
        "class": "car",
        "others": [],
        "number of other objects": 0,
        "captions": [
            "A white car is parked stationary on the right side of the image, near a pedestrian crossing, and is slightly ahead of the viewer's perspective. This is the closest car to the viewer, with its front facing toward the right.",
            "Parked stationary on the right side of the image, the white car is slightly ahead of the viewer's perspective, with its front facing right. This is the closest car to the viewer.",
            "The white car is stationary on the right side of the image, positioned slightly ahead of the viewer, with its front facing right, and is the closest car to the viewer."
        ],
        "attributes": [
            {
                "appearance": [
                    "white car"
                ],
                "status": [
                    "parked stationary"
                ],
                "relation_viewer": [
                    "on the right side of the image",
                    "slightly ahead of the viewer's perspective"
                ],
                "relation_others": [
                    "near a pedestrian crossing",
                    "front facing toward the right"
                ]
            },
            {
                "appearance": [
                    "white car"
                ],
                "status": [
                    "parked stationary"
                ],
                "relation_viewer": [
                    "on the right side of the image",
                    "slightly ahead of the viewer's perspective",
                    "front facing right"
                ],
                "relation_others": [
                    "closest car to the viewer"
                ]
            },
            {
                "appearance": [
                    "white car"
                ],
                "status": [
                    "stationary"
                ],
                "relation_viewer": [
                    "on the right side of the image",
                    "positioned slightly ahead of the viewer"
                ],
                "relation_others": [
                    "front facing right",
                    "closest car to the viewer"
                ]
            }
        ]
    },
    {
        "id": "zurich_city_02_a_30_141",
        "image_path": "data/train/zurich_city_02_a/image/000141.jpg",
        "event_path": "data/train/zurich_city_02_a/event/000141.npz",
        "index": "0",
        "bbox": {
            "x": 250.0,
            "y": 174.0,
            "w": 66.0,
            "h": 32.0
        },
        "class": "car",
        "others": [],
        "number of other objects": 0,
        "captions": [
            "A white van is parked or moving on the left side of the viewer, in front of the viewer and near a pedestrian crossing.",
            "The white van is parked or moving slowly on the left side of the viewer, in front of the viewer and near a pedestrian crossing.",
            "Moving slowly or parked, the white van is positioned on the left side of the viewer, ahead of the viewer and near a pedestrian crossing."
        ],
        "attributes": [
            {
                "appearance": [
                    "white van"
                ],
                "status": [
                    "parked or moving"
                ],
                "relation_viewer": [
                    "on the left side of the viewer",
                    "in front of the viewer"
                ],
                "relation_others": [
                    "near a pedestrian crossing"
                ]
            },
            {
                "appearance": [
                    "white van"
                ],
                "status": [
                    "parked",
                    "moving slowly"
                ],
                "relation_viewer": [
                    "on the left side of the viewer",
                    "in front of the viewer"
                ],
                "relation_others": [
                    "near a pedestrian crossing"
                ]
            },
            {
                "appearance": [
                    "white van"
                ],
                "status": [
                    "moving slowly",
                    "parked"
                ],
                "relation_viewer": [
                    "on the left side of the viewer",
                    "ahead of the viewer"
                ],
                "relation_others": [
                    "near a pedestrian crossing"
                ]
            }
        ]
    },
    {
        "id": "zurich_city_02_a_30_149",
        "image_path": "data/train/zurich_city_02_a/image/000149.jpg",
        "event_path": "data/train/zurich_city_02_a/event/000149.npz",
        "index": "1",
        "bbox": {
            "x": 302.0,
            "y": 176.0,
            "w": 70.0,
            "h": 35.0
        },
        "class": "car",
        "others": [],
        "number of other objects": 0,
        "captions": [
            "A white van is moving at a crosswalk in the center of the image, surrounded by buildings and other vehicles, and is positioned in front of the viewer on the road.",
            "The white van is moving at a crosswalk in the center of the image, surrounded by buildings and other vehicles, positioned in front of the viewer on the road.",
            "Positioned at the crosswalk in the center of the image, the white van is moving forward on the road, surrounded by buildings and other vehicles."
        ],
        "attributes": [
            {
                "appearance": [
                    "white van"
                ],
                "status": [
                    "moving"
                ],
                "relation_viewer": [
                    "positioned in front of the viewer on the road"
                ],
                "relation_others": [
                    "at a crosswalk",
                    "in the center of the image",
                    "surrounded by buildings",
                    "surrounded by other vehicles"
                ]
            },
            {
                "appearance": [
                    "white van"
                ],
                "status": [
                    "moving"
                ],
                "relation_viewer": [
                    "in the center of the image",
                    "positioned in front of the viewer on the road"
                ],
                "relation_others": [
                    "surrounded by buildings",
                    "surrounded by other vehicles"
                ]
            },
            {
                "appearance": [
                    "white van"
                ],
                "status": [
                    "moving forward"
                ],
                "relation_viewer": [
                    "at the crosswalk in the center of the image"
                ],
                "relation_others": [
                    "surrounded by buildings",
                    "surrounded by other vehicles"
                ]
            }
        ]
    },
    {
        "id": "zurich_city_02_a_30_157",
        "image_path": "data/train/zurich_city_02_a/image/000157.jpg",
        "event_path": "data/train/zurich_city_02_a/event/000157.npz",
        "index": "2",
        "bbox": {
            "x": 361.0,
            "y": 182.0,
            "w": 64.0,
            "h": 38.0
        },
        "class": "car",
        "others": [
            {
                "id": "zurich_city_02_a_28_157",
                "class": "car",
                "bbox": {
                    "x": 485.0,
                    "y": 198.0,
                    "w": 78.0,
                    "h": 32.0
                }
            }
        ],
        "number of other objects": 1,
        "captions": [
            "A white van is moving at a crosswalk, positioned centrally in the image, with traffic lights nearby and buildings in the background, with its front facing toward the right side.",
            "The white van is moving at a crosswalk, centrally positioned in the image, with traffic lights nearby and buildings in the background, facing right.",
            "Moving through a crosswalk, the white van is centrally positioned in the image with traffic lights and buildings in the background, its front facing right."
        ],
        "attributes": [
            {
                "appearance": [
                    "white van"
                ],
                "status": [
                    "moving"
                ],
                "relation_viewer": [
                    "positioned centrally in the image"
                ],
                "relation_others": [
                    "traffic lights nearby",
                    "buildings in the background",
                    "front facing toward the right side"
                ]
            },
            {
                "appearance": [
                    "white van"
                ],
                "status": [
                    "moving"
                ],
                "relation_viewer": [
                    "centrally positioned in the image",
                    "facing right"
                ],
                "relation_others": [
                    "traffic lights nearby",
                    "buildings in the background"
                ]
            },
            {
                "appearance": [
                    "white van"
                ],
                "status": [
                    "moving"
                ],
                "relation_viewer": [
                    "centrally positioned in the image"
                ],
                "relation_others": [
                    "traffic lights and buildings in the background",
                    "front facing right"
                ]
            }
        ]
    },
    {
        "id": "zurich_city_02_a_37_181",
        "image_path": "data/train/zurich_city_02_a/image/000181.jpg",
        "event_path": "data/train/zurich_city_02_a/event/000181.npz",
        "index": "0",
        "bbox": {
            "x": 229.0,
            "y": 198.0,
            "w": 86.0,
            "h": 31.0
        },
        "class": "car",
        "others": [
            {
                "id": "zurich_city_02_a_28_181",
                "class": "car",
                "bbox": {
                    "x": 561.0,
                    "y": 205.0,
                    "w": 78.0,
                    "h": 61.0
                }
            }
        ],
        "number of other objects": 1,
        "captions": [
            "A silver car is moving in the middle of the road, with its front facing toward the right side, near a pedestrian crossing and surrounded by buildings.",
            "The silver car is moving in the middle of the road, with its front facing right, near a pedestrian crossing and surrounded by buildings.",
            "On the middle of the road, the silver car is moving with its front facing right, near a pedestrian crossing and surrounded by buildings."
        ],
        "attributes": [
            {
                "appearance": [
                    "silver car"
                ],
                "status": [
                    "moving"
                ],
                "relation_viewer": [
                    "in the middle of the road",
                    "front facing toward the right side"
                ],
                "relation_others": [
                    "near a pedestrian crossing",
                    "surrounded by buildings"
                ]
            },
            {
                "appearance": [
                    "silver car"
                ],
                "status": [
                    "moving"
                ],
                "relation_viewer": [
                    "in the middle of the road",
                    "front facing right"
                ],
                "relation_others": [
                    "near a pedestrian crossing",
                    "surrounded by buildings"
                ]
            },
            {
                "appearance": [
                    "silver car"
                ],
                "status": [
                    "moving"
                ],
                "relation_viewer": [
                    "front facing right"
                ],
                "relation_others": [
                    "near a pedestrian crossing",
                    "surrounded by buildings"
                ]
            }
        ]
    },
    {
        "id": "zurich_city_02_a_37_189",
        "image_path": "data/train/zurich_city_02_a/image/000189.jpg",
        "event_path": "data/train/zurich_city_02_a/event/000189.npz",
        "index": "1",
        "bbox": {
            "x": 283.0,
            "y": 201.0,
            "w": 95.0,
            "h": 35.0
        },
        "class": "car",
        "others": [
            {
                "id": "zurich_city_02_a_28_189",
                "class": "car",
                "bbox": {
                    "x": 584.0,
                    "y": 206.0,
                    "w": 55.0,
                    "h": 74.0
                }
            }
        ],
        "number of other objects": 1,
        "captions": [
            "A silver-colored sedan is moving at a red traffic light in the center of the image, facing the right, with other vehicles and buildings in the background.",
            "The silver-colored sedan is moving at a red traffic light in the center of the image, facing right, with other vehicles and buildings in the background.",
            "In front of the red traffic light, the silver-colored sedan is moving, facing right, with vehicles and buildings in the background."
        ],
        "attributes": [
            {
                "appearance": [
                    "silver-colored sedan"
                ],
                "status": [
                    "moving"
                ],
                "relation_viewer": [
                    "facing the right"
                ],
                "relation_others": [
                    "at a red traffic light",
                    "in the center of the image",
                    "other vehicles and buildings in the background"
                ]
            },
            {
                "appearance": [
                    "silver-colored sedan"
                ],
                "status": [
                    "moving"
                ],
                "relation_viewer": [
                    "facing right",
                    "in the center of the image"
                ],
                "relation_others": [
                    "other vehicles in the background",
                    "buildings in the background"
                ]
            },
            {
                "appearance": [
                    "silver-colored sedan"
                ],
                "status": [
                    "moving"
                ],
                "relation_viewer": [
                    "facing right"
                ],
                "relation_others": [
                    "vehicles and buildings in the background"
                ]
            }
        ]
    },
    {
        "id": "zurich_city_02_a_37_197",
        "image_path": "data/train/zurich_city_02_a/image/000197.jpg",
        "event_path": "data/train/zurich_city_02_a/event/000197.npz",
        "index": "2",
        "bbox": {
            "x": 347.0,
            "y": 201.0,
            "w": 90.0,
            "h": 38.0
        },
        "class": "car",
        "others": [],
        "number of other objects": 0,
        "captions": [
            "A silver car is stationary near the center of the image, facing the right, positioned behind a traffic light and in front of a pedestrian crossing.",
            "The silver car is stationary near the center of the image, facing right, positioned behind a traffic light and in front of a pedestrian crossing.",
            "Stationary near the center of the image, the silver car faces right, positioned behind a traffic light and in front of a pedestrian crossing."
        ],
        "attributes": [
            {
                "appearance": [
                    "silver car"
                ],
                "status": [
                    "stationary"
                ],
                "relation_viewer": [
                    "near the center of the image",
                    "facing the right"
                ],
                "relation_others": [
                    "behind a traffic light",
                    "in front of a pedestrian crossing"
                ]
            },
            {
                "appearance": [
                    "silver car"
                ],
                "status": [
                    "stationary"
                ],
                "relation_viewer": [
                    "near the center of the image",
                    "facing right"
                ],
                "relation_others": [
                    "behind a traffic light",
                    "in front of a pedestrian crossing"
                ]
            },
            {
                "appearance": [
                    "silver car"
                ],
                "status": [
                    "stationary"
                ],
                "relation_viewer": [
                    "near the center of the image"
                ],
                "relation_others": [
                    "behind a traffic light",
                    "in front of a pedestrian crossing"
                ]
            }
        ]
    },
    {
        "id": "zurich_city_02_a_41_213",
        "image_path": "data/train/zurich_city_02_a/image/000213.jpg",
        "event_path": "data/train/zurich_city_02_a/event/000213.npz",
        "index": "1",
        "bbox": {
            "x": 108.0,
            "y": 201.0,
            "w": 125.0,
            "h": 48.0
        },
        "class": "car",
        "others": [],
        "number of other objects": 0,
        "captions": [
            "A black, modern hatchback car is moving near a red traffic light in the center-left of the image, facing the  right, with a pedestrian crossing nearby and buildings in the background.",
            "The black, modern hatchback car is moving near a red traffic light in the center-left of the image, facing right, with a pedestrian crossing nearby and buildings in the background.",
            "Moving near the red traffic light, the black hatchback is in the center-left of the image, facing right, surrounded by a pedestrian crossing and buildings."
        ],
        "attributes": [
            {
                "appearance": [
                    "black, modern hatchback car"
                ],
                "status": [
                    "moving"
                ],
                "relation_viewer": [
                    "near a red traffic light in the center-left of the image",
                    "facing the right"
                ],
                "relation_others": [
                    "pedestrian crossing nearby",
                    "buildings in the background"
                ]
            },
            {
                "appearance": [
                    "black, modern hatchback car"
                ],
                "status": [
                    "moving"
                ],
                "relation_viewer": [
                    "near a red traffic light in the center-left of the image",
                    "facing right"
                ],
                "relation_others": [
                    "pedestrian crossing nearby",
                    "buildings in the background"
                ]
            },
            {
                "appearance": [
                    "black hatchback"
                ],
                "status": [
                    "moving"
                ],
                "relation_viewer": [
                    "in the center-left of the image",
                    "facing right"
                ],
                "relation_others": [
                    "surrounded by a pedestrian crossing",
                    "surrounded by buildings"
                ]
            }
        ]
    },
    {
        "id": "zurich_city_02_a_41_221",
        "image_path": "data/train/zurich_city_02_a/image/000221.jpg",
        "event_path": "data/train/zurich_city_02_a/event/000221.npz",
        "index": "2",
        "bbox": {
            "x": 229.0,
            "y": 199.0,
            "w": 136.0,
            "h": 50.0
        },
        "class": "car",
        "others": [],
        "number of other objects": 0,
        "captions": [
            "A black, sleek car with a hatchback design is moving and behind a pedestrian crossing, facing the right and positioned behind a red traffic light, with buildings in the background.",
            "The black, sleek hatchback car is moving behind a pedestrian crossing, facing right and positioned behind a red traffic light, with buildings in the background.",
            "Moving behind a pedestrian crossing, the black hatchback is facing right, located behind a red traffic light, with buildings in the background."
        ],
        "attributes": [
            {
                "appearance": [
                    "black, sleek car with a hatchback design"
                ],
                "status": [
                    "moving"
                ],
                "relation_viewer": [
                    "facing the right",
                    "positioned behind a red traffic light"
                ],
                "relation_others": [
                    "behind a pedestrian crossing",
                    "buildings in the background"
                ]
            },
            {
                "appearance": [
                    "black, sleek hatchback car"
                ],
                "status": [
                    "moving"
                ],
                "relation_viewer": [
                    "facing right",
                    "positioned behind a red traffic light"
                ],
                "relation_others": [
                    "behind a pedestrian crossing",
                    "buildings in the background"
                ]
            },
            {
                "appearance": [
                    "black hatchback"
                ],
                "status": [
                    "moving"
                ],
                "relation_viewer": [
                    "behind a pedestrian crossing",
                    "facing right"
                ],
                "relation_others": [
                    "located behind a red traffic light",
                    "with buildings in the background"
                ]
            }
        ]
    },
    {
        "id": "zurich_city_02_a_41_229",
        "image_path": "data/train/zurich_city_02_a/image/000229.jpg",
        "event_path": "data/train/zurich_city_02_a/event/000229.npz",
        "index": "3",
        "bbox": {
            "x": 381.0,
            "y": 195.0,
            "w": 130.0,
            "h": 53.0
        },
        "class": "car",
        "others": [],
        "number of other objects": 0,
        "captions": [
            "A dark-colored sedan car is moving near a traffic light on the right side of the image, positioned in front of the viewer and next to a pedestrian crossing.",
            "The dark-colored sedan car is moving near a traffic light on the right side of the image, positioned in front of the viewer and next to a pedestrian crossing.",
            "Moving near a traffic light on the right side of the image, the dark-colored sedan is positioned in front of the viewer, next to a pedestrian crossing."
        ],
        "attributes": [
            {
                "appearance": [
                    "dark-colored sedan car"
                ],
                "status": [
                    "moving"
                ],
                "relation_viewer": [
                    "positioned in front of the viewer"
                ],
                "relation_others": [
                    "near a traffic light",
                    "next to a pedestrian crossing"
                ]
            },
            {
                "appearance": [
                    "dark-colored sedan car"
                ],
                "status": [
                    "moving"
                ],
                "relation_viewer": [
                    "positioned in front of the viewer"
                ],
                "relation_others": [
                    "near a traffic light",
                    "next to a pedestrian crossing"
                ]
            },
            {
                "appearance": [
                    "dark-colored sedan"
                ],
                "status": [
                    "moving"
                ],
                "relation_viewer": [
                    "positioned in front of the viewer"
                ],
                "relation_others": [
                    "near a traffic light",
                    "next to a pedestrian crossing"
                ]
            }
        ]
    }
]