[
    {
        "id": "zurich_city_03_a_0_29",
        "image_path": "data/train/zurich_city_03_a/image/000029.jpg",
        "event_path": "data/train/zurich_city_03_a/event/000029.npz",
        "index": "3",
        "bbox": {
            "x": 250.0,
            "y": 211.0,
            "w": 83.0,
            "h": 72.0
        },
        "class": "car",
        "others": [],
        "number of other objects": 0,
        "captions": [
            "A silver-colored sedan is parked on the road, facing the viewer, with houses on either side and a streetlight to its left.",
            "On the road, the silver-colored sedan is parked, facing the viewer, with houses on either side and a streetlight to its left.",
            "The silver-colored sedan is parked on the road, facing the viewer, with residential houses on either side and a streetlight to its left."
        ],
        "attributes": [
            {
                "appearance": [
                    "silver-colored sedan"
                ],
                "status": [
                    "parked"
                ],
                "relation_viewer": [
                    "facing the viewer"
                ],
                "relation_others": [
                    "houses on either side",
                    "streetlight to its left"
                ]
            },
            {
                "appearance": [
                    "silver-colored sedan"
                ],
                "status": [
                    "parked"
                ],
                "relation_viewer": [
                    "facing the viewer"
                ],
                "relation_others": [
                    "houses on either side",
                    "streetlight to its left"
                ]
            },
            {
                "appearance": [
                    "silver-colored sedan"
                ],
                "status": [
                    "parked"
                ],
                "relation_viewer": [
                    "facing the viewer"
                ],
                "relation_others": [
                    "residential houses on either side",
                    "streetlight to its left"
                ]
            }
        ]
    },
    {
        "id": "zurich_city_03_a_0_37",
        "image_path": "data/train/zurich_city_03_a/image/000037.jpg",
        "event_path": "data/train/zurich_city_03_a/event/000037.npz",
        "index": "4",
        "bbox": {
            "x": 233.0,
            "y": 215.0,
            "w": 96.0,
            "h": 81.0
        },
        "class": "car",
        "others": [],
        "number of other objects": 0,
        "captions": [
            "A silver hatchback car is stationary on the left side of the road, facing the viewer, with residential houses and street lamps surrounding it.",
            "The silver hatchback car is stationary on the left side of the road, facing the viewer, surrounded by residential houses and street lamps.",
            "On the left side of the road, the silver hatchback car is stationary, facing the viewer, surrounded by houses and street lamps."
        ],
        "attributes": [
            {
                "appearance": [
                    "silver hatchback car"
                ],
                "status": [
                    "stationary"
                ],
                "relation_viewer": [
                    "on the left side of the road",
                    "facing the viewer"
                ],
                "relation_others": [
                    "surrounding it"
                ]
            },
            {
                "appearance": [
                    "silver hatchback car"
                ],
                "status": [
                    "stationary"
                ],
                "relation_viewer": [
                    "on the left side of the road",
                    "facing the viewer"
                ],
                "relation_others": [
                    "surrounded by residential houses",
                    "surrounded by street lamps"
                ]
            },
            {
                "appearance": [
                    "silver hatchback car"
                ],
                "status": [
                    "stationary"
                ],
                "relation_viewer": [
                    "facing the viewer"
                ],
                "relation_others": [
                    "surrounded by houses",
                    "surrounded by street lamps"
                ]
            }
        ]
    },
    {
        "id": "zurich_city_03_a_0_45",
        "image_path": "data/train/zurich_city_03_a/image/000045.jpg",
        "event_path": "data/train/zurich_city_03_a/event/000045.npz",
        "index": "5",
        "bbox": {
            "x": 202.0,
            "y": 215.0,
            "w": 120.0,
            "h": 93.0
        },
        "class": "car",
        "others": [],
        "number of other objects": 0,
        "captions": [
            "A silver sedan with its headlights off is stationary on the road, facing the viewer, with houses and trees in the background.",
            "The silver sedan, with its headlights off, is stationary on the road, facing the viewer, with houses and trees in the background.",
            "With its headlights off, the silver sedan is stationary on the road, facing the viewer, surrounded by houses and trees."
        ],
        "attributes": [
            {
                "appearance": [
                    "silver sedan",
                    "headlights off"
                ],
                "status": [
                    "stationary"
                ],
                "relation_viewer": [
                    "facing the viewer"
                ],
                "relation_others": [
                    "houses and trees in the background"
                ]
            },
            {
                "appearance": [
                    "silver sedan",
                    "headlights off"
                ],
                "status": [
                    "stationary"
                ],
                "relation_viewer": [
                    "facing the viewer"
                ],
                "relation_others": [
                    "houses and trees in the background"
                ]
            },
            {
                "appearance": [
                    "silver sedan",
                    "headlights off"
                ],
                "status": [
                    "stationary"
                ],
                "relation_viewer": [
                    "facing the viewer"
                ],
                "relation_others": [
                    "surrounded by houses",
                    "surrounded by trees"
                ]
            }
        ]
    },
    {
        "id": "zurich_city_03_a_0_53",
        "image_path": "data/train/zurich_city_03_a/image/000053.jpg",
        "event_path": "data/train/zurich_city_03_a/event/000053.npz",
        "index": "6",
        "bbox": {
            "x": 137.0,
            "y": 213.0,
            "w": 141.0,
            "h": 114.0
        },
        "class": "car",
        "others": [],
        "number of other objects": 0,
        "captions": [
            "A silver sedan with its headlights off is parked stationary in the left lane of the road, facing the viewer, with no other vehicles immediately adjacent to it.",
            "The silver sedan, with its headlights off, is parked stationary in the left lane of the road, facing the viewer, with no other vehicles nearby.",
            "On the left lane of the road, the silver sedan is parked stationary, facing the viewer, with no other vehicles around it."
        ],
        "attributes": [
            {
                "appearance": [
                    "silver sedan with its headlights off"
                ],
                "status": [
                    "parked stationary"
                ],
                "relation_viewer": [
                    "in the left lane of the road",
                    "facing the viewer"
                ],
                "relation_others": [
                    "no other vehicles immediately adjacent to it"
                ]
            },
            {
                "appearance": [
                    "silver sedan",
                    "headlights off"
                ],
                "status": [
                    "parked stationary"
                ],
                "relation_viewer": [
                    "in the left lane of the road",
                    "facing the viewer"
                ],
                "relation_others": [
                    "no other vehicles nearby"
                ]
            },
            {
                "appearance": [
                    "silver sedan"
                ],
                "status": [
                    "parked stationary"
                ],
                "relation_viewer": [
                    "facing the viewer"
                ],
                "relation_others": []
            }
        ]
    },
    {
        "id": "zurich_city_03_a_0_61",
        "image_path": "data/train/zurich_city_03_a/image/000061.jpg",
        "event_path": "data/train/zurich_city_03_a/event/000061.npz",
        "index": "7",
        "bbox": {
            "x": 12.0,
            "y": 209.0,
            "w": 191.0,
            "h": 146.0
        },
        "class": "car",
        "others": [],
        "number of other objects": 0,
        "captions": [
            "A silver-colored car with its headlights off is positioned on the left side of the road, facing the viewer, and is surrounded by trees and houses in the background.",
            "The silver-colored car, with its headlights off, is positioned on the left side of the road, facing the viewer, surrounded by trees and houses in the background.",
            "Positioned on the left side of the road, the silver-colored car faces the viewer, with trees and houses in the background."
        ],
        "attributes": [
            {
                "appearance": [
                    "silver-colored car",
                    "headlights off"
                ],
                "status": [
                    "positioned"
                ],
                "relation_viewer": [
                    "on the left side of the road",
                    "facing the viewer"
                ],
                "relation_others": [
                    "surrounded by trees",
                    "surrounded by houses in the background"
                ]
            },
            {
                "appearance": [
                    "silver-colored car",
                    "headlights off"
                ],
                "status": [
                    "positioned"
                ],
                "relation_viewer": [
                    "on the left side of the road",
                    "facing the viewer"
                ],
                "relation_others": [
                    "surrounded by trees",
                    "surrounded by houses in the background"
                ]
            },
            {
                "appearance": [
                    "silver-colored car"
                ],
                "status": [
                    "faces the viewer"
                ],
                "relation_viewer": [
                    "on the left side of the road"
                ],
                "relation_others": [
                    "trees and houses in the background"
                ]
            }
        ]
    },
    {
        "id": "zurich_city_03_a_4_117",
        "image_path": "data/train/zurich_city_03_a/image/000117.jpg",
        "event_path": "data/train/zurich_city_03_a/event/000117.npz",
        "index": "0",
        "bbox": {
            "x": 523.0,
            "y": 211.0,
            "w": 41.0,
            "h": 33.0
        },
        "class": "car",
        "others": [],
        "number of other objects": 0,
        "captions": [
            "A white car is parked stationary on the right side of the road, near a fence and some trees, and is positioned ahead of the viewer's perspective.",
            "The white car is parked stationary on the right side of the road, near a fence and trees, ahead of the viewer's perspective.",
            "On the right side of the road, the white car is parked stationary near a fence and trees, ahead of the viewer's perspective."
        ],
        "attributes": [
            {
                "appearance": [
                    "white car"
                ],
                "status": [
                    "parked stationary"
                ],
                "relation_viewer": [
                    "positioned ahead of the viewer's perspective"
                ],
                "relation_others": [
                    "near a fence",
                    "near some trees"
                ]
            },
            {
                "appearance": [
                    "white car"
                ],
                "status": [
                    "parked stationary"
                ],
                "relation_viewer": [
                    "on the right side of the road",
                    "ahead of the viewer's perspective"
                ],
                "relation_others": [
                    "near a fence",
                    "near trees"
                ]
            },
            {
                "appearance": [
                    "white car"
                ],
                "status": [
                    "parked stationary"
                ],
                "relation_viewer": [
                    "ahead of the viewer's perspective"
                ],
                "relation_others": [
                    "near a fence",
                    "near trees"
                ]
            }
        ]
    },
    {
        "id": "zurich_city_03_a_4_125",
        "image_path": "data/train/zurich_city_03_a/image/000125.jpg",
        "event_path": "data/train/zurich_city_03_a/event/000125.npz",
        "index": "1",
        "bbox": {
            "x": 454.0,
            "y": 210.0,
            "w": 36.0,
            "h": 34.0
        },
        "class": "car",
        "others": [],
        "number of other objects": 0,
        "captions": [
            "A small, compact car is parked stationary on the right side of a residential street, near a wooden fence and some trees, and is positioned in front of the viewer.",
            "The small, compact car is parked stationary on the right side of the residential street, near a wooden fence and trees, in front of the viewer.",
            "On the right side of the residential street, the small, compact car is parked stationary, near a wooden fence and trees, in front of the viewer."
        ],
        "attributes": [
            {
                "appearance": [
                    "small, compact car"
                ],
                "status": [
                    "parked stationary"
                ],
                "relation_viewer": [
                    "on the right side of a residential street",
                    "positioned in front of the viewer"
                ],
                "relation_others": [
                    "near a wooden fence",
                    "near some trees"
                ]
            },
            {
                "appearance": [
                    "small, compact car"
                ],
                "status": [
                    "parked stationary"
                ],
                "relation_viewer": [
                    "on the right side of the residential street",
                    "in front of the viewer"
                ],
                "relation_others": [
                    "near a wooden fence",
                    "near trees"
                ]
            },
            {
                "appearance": [
                    "small, compact car"
                ],
                "status": [
                    "parked stationary"
                ],
                "relation_viewer": [
                    "in front of the viewer"
                ],
                "relation_others": [
                    "on the right side of the residential street",
                    "near a wooden fence",
                    "near trees"
                ]
            }
        ]
    },
    {
        "id": "zurich_city_03_a_4_133",
        "image_path": "data/train/zurich_city_03_a/image/000133.jpg",
        "event_path": "data/train/zurich_city_03_a/event/000133.npz",
        "index": "2",
        "bbox": {
            "x": 402.0,
            "y": 209.0,
            "w": 37.0,
            "h": 34.0
        },
        "class": "car",
        "others": [],
        "number of other objects": 0,
        "captions": [
            "A white car is parked stationary in the center-right of the image, near the end of a narrow road or driveway, surrounded by a fence, buildings, trees, and streetlights.",
            "The white car is parked stationary in the center-right of the image, near the end of a narrow road or driveway, surrounded by a fence, buildings, trees, and streetlights.",
            "In the center-right of the image, the white car is parked, near the end of a narrow road or driveway, surrounded by a fence, buildings, trees, and streetlights."
        ],
        "attributes": [
            {
                "appearance": [
                    "white car"
                ],
                "status": [
                    "parked stationary"
                ],
                "relation_viewer": [
                    "in the center-right of the image"
                ],
                "relation_others": [
                    "near the end of a narrow road or driveway",
                    "surrounded by a fence",
                    "surrounded by buildings",
                    "surrounded by trees",
                    "surrounded by streetlights"
                ]
            },
            {
                "appearance": [
                    "white car"
                ],
                "status": [
                    "parked stationary"
                ],
                "relation_viewer": [
                    "in the center-right of the image"
                ],
                "relation_others": [
                    "near the end of a narrow road or driveway",
                    "surrounded by a fence",
                    "surrounded by buildings",
                    "surrounded by trees",
                    "surrounded by streetlights"
                ]
            },
            {
                "appearance": [
                    "white car"
                ],
                "status": [
                    "parked"
                ],
                "relation_viewer": [
                    "in the center-right of the image"
                ],
                "relation_others": [
                    "near the end of a narrow road or driveway",
                    "surrounded by a fence",
                    "surrounded by buildings",
                    "surrounded by trees",
                    "surrounded by streetlights"
                ]
            }
        ]
    },
    {
        "id": "zurich_city_03_a_4_141",
        "image_path": "data/train/zurich_city_03_a/image/000141.jpg",
        "event_path": "data/train/zurich_city_03_a/event/000141.npz",
        "index": "3",
        "bbox": {
            "x": 376.0,
            "y": 209.0,
            "w": 40.0,
            "h": 35.0
        },
        "class": "car",
        "others": [],
        "number of other objects": 0,
        "captions": [
            "A white car is parked at the end of a narrow road, with its tail lights off, facing away from the viewer, and surrounded by trees and buildings.",
            "The white car is parked at the end of a narrow road, with its tail lights off, facing away from the viewer, surrounded by trees and buildings.",
            "At the end of a narrow road, the white car is parked, with its tail lights off, facing away from the viewer, surrounded by trees and buildings."
        ],
        "attributes": [
            {
                "appearance": [
                    "white car",
                    "tail lights off"
                ],
                "status": [
                    "parked"
                ],
                "relation_viewer": [
                    "facing away from the viewer"
                ],
                "relation_others": [
                    "surrounded by trees",
                    "surrounded by buildings"
                ]
            },
            {
                "appearance": [
                    "white car"
                ],
                "status": [
                    "parked"
                ],
                "relation_viewer": [
                    "facing away from the viewer"
                ],
                "relation_others": [
                    "surrounded by trees",
                    "surrounded by buildings"
                ]
            },
            {
                "appearance": [
                    "white car",
                    "tail lights off"
                ],
                "status": [
                    "parked"
                ],
                "relation_viewer": [
                    "facing away from the viewer"
                ],
                "relation_others": [
                    "surrounded by trees",
                    "surrounded by buildings"
                ]
            }
        ]
    },
    {
        "id": "zurich_city_03_a_4_149",
        "image_path": "data/train/zurich_city_03_a/image/000149.jpg",
        "event_path": "data/train/zurich_city_03_a/event/000149.npz",
        "index": "4",
        "bbox": {
            "x": 368.0,
            "y": 209.0,
            "w": 41.0,
            "h": 38.0
        },
        "class": "car",
        "others": [],
        "number of other objects": 0,
        "captions": [
            "A white car is parked stationary in the center-right of the image, facing away from the viewer, located in a narrow alleyway flanked by walls or fences, with trees and buildings in the background.",
            "The white car is parked stationary in the center-right of the image, facing away from the viewer, located in a narrow alleyway flanked by walls or fences, with trees and buildings in the background.",
            "In the center-right of the image, the white car is parked, facing away from the viewer, in a narrow alleyway flanked by walls or fences, with trees and buildings in the background."
        ],
        "attributes": [
            {
                "appearance": [
                    "white car"
                ],
                "status": [
                    "parked stationary"
                ],
                "relation_viewer": [
                    "in the center-right of the image",
                    "facing away from the viewer"
                ],
                "relation_others": [
                    "located in a narrow alleyway flanked by walls or fences",
                    "trees and buildings in the background"
                ]
            },
            {
                "appearance": [
                    "white car"
                ],
                "status": [
                    "parked stationary"
                ],
                "relation_viewer": [
                    "in the center-right of the image",
                    "facing away from the viewer"
                ],
                "relation_others": [
                    "flanked by walls or fences",
                    "trees and buildings in the background"
                ]
            },
            {
                "appearance": [
                    "white car"
                ],
                "status": [
                    "parked"
                ],
                "relation_viewer": [
                    "in the center-right of the image",
                    "facing away from the viewer"
                ],
                "relation_others": [
                    "in a narrow alleyway flanked by walls or fences",
                    "trees and buildings in the background"
                ]
            }
        ]
    },
    {
        "id": "zurich_city_03_a_4_157",
        "image_path": "data/train/zurich_city_03_a/image/000157.jpg",
        "event_path": "data/train/zurich_city_03_a/event/000157.npz",
        "index": "5",
        "bbox": {
            "x": 361.0,
            "y": 210.0,
            "w": 45.0,
            "h": 39.0
        },
        "class": "car",
        "others": [],
        "number of other objects": 0,
        "captions": [
            "A stationary white car is positioned in the center-right of the image, ahead of the viewer, between two fences and near a building, with its taillights visible.",
            "The stationary white car is positioned in the center-right of the image, ahead of the viewer, between two fences and near a building, with its taillights visible.",
            "On the center-right of the image, the white car is stationary, ahead of the viewer, between two fences and near a building, with its taillights visible."
        ],
        "attributes": [
            {
                "appearance": [
                    "white car"
                ],
                "status": [
                    "stationary"
                ],
                "relation_viewer": [
                    "positioned in the center-right of the image",
                    "ahead of the viewer"
                ],
                "relation_others": [
                    "between two fences",
                    "near a building",
                    "taillights visible"
                ]
            },
            {
                "appearance": [
                    "white car",
                    "taillights visible"
                ],
                "status": [
                    "stationary"
                ],
                "relation_viewer": [
                    "positioned in the center-right of the image",
                    "ahead of the viewer"
                ],
                "relation_others": [
                    "between two fences",
                    "near a building"
                ]
            },
            {
                "appearance": [
                    "white car"
                ],
                "status": [
                    "stationary"
                ],
                "relation_viewer": [
                    "ahead of the viewer"
                ],
                "relation_others": [
                    "between two fences",
                    "near a building",
                    "taillights visible"
                ]
            }
        ]
    },
    {
        "id": "zurich_city_03_a_4_165",
        "image_path": "data/train/zurich_city_03_a/image/000165.jpg",
        "event_path": "data/train/zurich_city_03_a/event/000165.npz",
        "index": "6",
        "bbox": {
            "x": 359.0,
            "y": 209.0,
            "w": 51.0,
            "h": 43.0
        },
        "class": "car",
        "others": [],
        "number of other objects": 0,
        "captions": [
            "A white car with its rear lights off is parked stationary on the center-right side of the image, facing away from the viewer, next to a concrete wall and adjacent to a pedestrian path.",
            "The white car, with its rear lights off, is parked stationary on the center-right side of the image, facing away from the viewer, next to a concrete wall and adjacent to a pedestrian path.",
            "On the center-right side of the image, the white car is parked stationary, facing away from the viewer, with its rear lights off, next to a concrete wall and adjacent to a pedestrian path."
        ],
        "attributes": [
            {
                "appearance": [
                    "white car",
                    "rear lights off"
                ],
                "status": [
                    "parked stationary"
                ],
                "relation_viewer": [
                    "on the center-right side of the image",
                    "facing away from the viewer"
                ],
                "relation_others": [
                    "next to a concrete wall",
                    "adjacent to a pedestrian path"
                ]
            },
            {
                "appearance": [
                    "white car",
                    "rear lights off"
                ],
                "status": [
                    "parked stationary"
                ],
                "relation_viewer": [
                    "on the center-right side of the image",
                    "facing away from the viewer"
                ],
                "relation_others": [
                    "next to a concrete wall",
                    "adjacent to a pedestrian path"
                ]
            },
            {
                "appearance": [
                    "white car"
                ],
                "status": [
                    "parked stationary"
                ],
                "relation_viewer": [
                    "on the center-right side of the image",
                    "facing away from the viewer"
                ],
                "relation_others": [
                    "next to a concrete wall",
                    "adjacent to a pedestrian path"
                ]
            }
        ]
    },
    {
        "id": "zurich_city_03_a_4_173",
        "image_path": "data/train/zurich_city_03_a/image/000173.jpg",
        "event_path": "data/train/zurich_city_03_a/event/000173.npz",
        "index": "7",
        "bbox": {
            "x": 361.0,
            "y": 207.0,
            "w": 54.0,
            "h": 49.0
        },
        "class": "car",
        "others": [],
        "number of other objects": 0,
        "captions": [
            "A white car is parked stationary on the right side of the road, near the center of the image vertically, with a concrete barrier to its right and a sidewalk to its left, surrounded by trees and buildings in the background.",
            "The white car is parked stationary on the right side of the road, near the center of the image vertically, with a concrete barrier to its right and a sidewalk to its left, surrounded by trees and buildings in the background.",
            "On the right side of the road, the white car is parked stationary, near the center of the image vertically, with a concrete barrier to its right and a sidewalk to its left, surrounded by trees and buildings."
        ],
        "attributes": [
            {
                "appearance": [
                    "white car"
                ],
                "status": [
                    "parked stationary"
                ],
                "relation_viewer": [
                    "on the right side of the road",
                    "near the center of the image vertically"
                ],
                "relation_others": [
                    "concrete barrier to its right",
                    "sidewalk to its left",
                    "surrounded by trees and buildings in the background"
                ]
            },
            {
                "appearance": [
                    "white car"
                ],
                "status": [
                    "parked stationary"
                ],
                "relation_viewer": [
                    "on the right side of the road",
                    "near the center of the image vertically"
                ],
                "relation_others": [
                    "concrete barrier to its right",
                    "sidewalk to its left",
                    "surrounded by trees and buildings in the background"
                ]
            },
            {
                "appearance": [
                    "white car"
                ],
                "status": [
                    "parked stationary"
                ],
                "relation_viewer": [
                    "near the center of the image vertically"
                ],
                "relation_others": [
                    "concrete barrier to its right",
                    "sidewalk to its left",
                    "surrounded by trees",
                    "surrounded by buildings"
                ]
            }
        ]
    },
    {
        "id": "zurich_city_03_a_4_181",
        "image_path": "data/train/zurich_city_03_a/image/000181.jpg",
        "event_path": "data/train/zurich_city_03_a/event/000181.npz",
        "index": "8",
        "bbox": {
            "x": 370.0,
            "y": 206.0,
            "w": 57.0,
            "h": 53.0
        },
        "class": "car",
        "others": [],
        "number of other objects": 0,
        "captions": [
            "A white car is parked stationary on the right side of the road, facing away from the viewer, with trees and buildings surrounding it.",
            "The white car is parked stationary on the right side of the road, facing away from the viewer, with trees and buildings surrounding it.",
            "Parked stationary on the right side of the road, the white car faces away from the viewer, surrounded by trees and buildings."
        ],
        "attributes": [
            {
                "appearance": [
                    "white car"
                ],
                "status": [
                    "parked stationary"
                ],
                "relation_viewer": [
                    "on the right side of the road",
                    "facing away from the viewer"
                ],
                "relation_others": [
                    "surrounded by trees",
                    "surrounded by buildings"
                ]
            },
            {
                "appearance": [
                    "white car"
                ],
                "status": [
                    "parked stationary"
                ],
                "relation_viewer": [
                    "on the right side of the road",
                    "facing away from the viewer"
                ],
                "relation_others": [
                    "surrounded by trees",
                    "surrounded by buildings"
                ]
            },
            {
                "appearance": [
                    "white car"
                ],
                "status": [
                    "parked stationary"
                ],
                "relation_viewer": [
                    "on the right side of the road",
                    "faces away from the viewer"
                ],
                "relation_others": [
                    "surrounded by trees",
                    "surrounded by buildings"
                ]
            }
        ]
    },
    {
        "id": "zurich_city_03_a_4_189",
        "image_path": "data/train/zurich_city_03_a/image/000189.jpg",
        "event_path": "data/train/zurich_city_03_a/event/000189.npz",
        "index": "9",
        "bbox": {
            "x": 377.0,
            "y": 206.0,
            "w": 65.0,
            "h": 57.0
        },
        "class": "car",
        "others": [],
        "number of other objects": 0,
        "captions": [
            "A white car is parked on the side of the road, facing away from the viewer, with its taillights visible. It is located near a fence and a sidewalk, with trees and buildings in the background.",
            "The white car is parked on the side of the road, facing away from the viewer, with its taillights visible. It is located near a fence and a sidewalk, with trees and buildings in the background.",
            "On the side of the road, the white car is parked, facing away from the viewer, with its taillights visible. It is located near a fence and a sidewalk, with trees and buildings in the background."
        ],
        "attributes": [
            {
                "appearance": [
                    "white car",
                    "taillights visible"
                ],
                "status": [
                    "parked"
                ],
                "relation_viewer": [
                    "facing away from the viewer"
                ],
                "relation_others": [
                    "near a fence",
                    "near a sidewalk",
                    "trees and buildings in the background"
                ]
            },
            {
                "appearance": [
                    "white car",
                    "taillights visible"
                ],
                "status": [
                    "parked"
                ],
                "relation_viewer": [
                    "facing away from the viewer"
                ],
                "relation_others": [
                    "near a fence",
                    "near a sidewalk",
                    "trees and buildings in the background"
                ]
            },
            {
                "appearance": [
                    "white car",
                    "taillights visible"
                ],
                "status": [
                    "parked"
                ],
                "relation_viewer": [
                    "facing away from the viewer"
                ],
                "relation_others": [
                    "near a fence",
                    "near a sidewalk",
                    "trees and buildings in the background"
                ]
            }
        ]
    },
    {
        "id": "zurich_city_03_a_4_197",
        "image_path": "data/train/zurich_city_03_a/image/000197.jpg",
        "event_path": "data/train/zurich_city_03_a/event/000197.npz",
        "index": "10",
        "bbox": {
            "x": 386.0,
            "y": 206.0,
            "w": 71.0,
            "h": 64.0
        },
        "class": "car",
        "others": [],
        "number of other objects": 0,
        "captions": [
            "A white car is parked stationary on the right side of the image, facing away from the viewer, with a fence and sidewalk adjacent to it and buildings and trees in the background.",
            "The white car is parked stationary on the right side of the image, facing away from the viewer, with a fence and sidewalk adjacent to it and buildings and trees in the background.",
            "Parked stationary on the right side of the image, the white car faces away from the viewer, with a fence and sidewalk adjacent to it, surrounded by buildings and trees."
        ],
        "attributes": [
            {
                "appearance": [
                    "white car"
                ],
                "status": [
                    "parked stationary"
                ],
                "relation_viewer": [
                    "on the right side of the image",
                    "facing away from the viewer"
                ],
                "relation_others": [
                    "adjacent to a fence",
                    "adjacent to a sidewalk",
                    "buildings and trees in the background"
                ]
            },
            {
                "appearance": [
                    "white car"
                ],
                "status": [
                    "parked stationary"
                ],
                "relation_viewer": [
                    "on the right side of the image",
                    "facing away from the viewer"
                ],
                "relation_others": [
                    "fence and sidewalk adjacent to it",
                    "buildings and trees in the background"
                ]
            },
            {
                "appearance": [
                    "white car"
                ],
                "status": [
                    "parked stationary"
                ],
                "relation_viewer": [
                    "on the right side of the image",
                    "faces away from the viewer"
                ],
                "relation_others": [
                    "surrounded by buildings",
                    "surrounded by trees",
                    "fence and sidewalk adjacent to it"
                ]
            }
        ]
    },
    {
        "id": "zurich_city_03_a_4_205",
        "image_path": "data/train/zurich_city_03_a/image/000205.jpg",
        "event_path": "data/train/zurich_city_03_a/event/000205.npz",
        "index": "11",
        "bbox": {
            "x": 395.0,
            "y": 205.0,
            "w": 79.0,
            "h": 72.0
        },
        "class": "car",
        "others": [],
        "number of other objects": 0,
        "captions": [
            "A white car is parked stationary on the right side of the road, facing away from the viewer, with a fence to its right and a sidewalk to its left, surrounded by trees and buildings in the background.",
            "The white car is parked stationary on the right side of the road, facing away from the viewer, with a fence to its right and a sidewalk to its left, surrounded by trees and buildings in the background.",
            "On the right side of the road, the white car is parked stationary, facing away from the viewer, with a fence to its right and a sidewalk to its left, surrounded by trees and buildings."
        ],
        "attributes": [
            {
                "appearance": [
                    "white car"
                ],
                "status": [
                    "parked stationary"
                ],
                "relation_viewer": [
                    "on the right side of the road",
                    "facing away from the viewer"
                ],
                "relation_others": [
                    "a fence to its right",
                    "a sidewalk to its left",
                    "surrounded by trees and buildings in the background"
                ]
            },
            {
                "appearance": [
                    "white car"
                ],
                "status": [
                    "parked stationary"
                ],
                "relation_viewer": [
                    "on the right side of the road",
                    "facing away from the viewer"
                ],
                "relation_others": [
                    "a fence to its right",
                    "a sidewalk to its left",
                    "surrounded by trees and buildings in the background"
                ]
            },
            {
                "appearance": [
                    "white car"
                ],
                "status": [
                    "parked stationary"
                ],
                "relation_viewer": [
                    "facing away from the viewer"
                ],
                "relation_others": [
                    "on the right side of the road",
                    "surrounded by trees",
                    "surrounded by buildings",
                    "a fence to its right",
                    "a sidewalk to its left"
                ]
            }
        ]
    },
    {
        "id": "zurich_city_03_a_4_213",
        "image_path": "data/train/zurich_city_03_a/image/000213.jpg",
        "event_path": "data/train/zurich_city_03_a/event/000213.npz",
        "index": "12",
        "bbox": {
            "x": 403.0,
            "y": 206.0,
            "w": 92.0,
            "h": 78.0
        },
        "class": "car",
        "others": [],
        "number of other objects": 0,
        "captions": [
            "A white car is parked on the right side of the road, near the center of the image, with a streetlight to its left and a fence to its right, appearing stationary and facing away from the viewer.",
            "The white car is parked on the right side of the road, near the center of the image, with a streetlight to its left and a fence to its right, appearing stationary and facing away from the viewer.",
            "Parked on the right side of the road, the white car is near the center of the image, with a streetlight to its left and a fence to its right, appearing stationary and facing away from the viewer."
        ],
        "attributes": [
            {
                "appearance": [
                    "white car"
                ],
                "status": [
                    "parked",
                    "stationary"
                ],
                "relation_viewer": [
                    "on the right side of the road",
                    "near the center of the image",
                    "facing away from the viewer"
                ],
                "relation_others": [
                    "streetlight to its left",
                    "fence to its right"
                ]
            },
            {
                "appearance": [
                    "white car"
                ],
                "status": [
                    "parked",
                    "stationary"
                ],
                "relation_viewer": [
                    "on the right side of the road",
                    "near the center of the image",
                    "facing away from the viewer"
                ],
                "relation_others": [
                    "streetlight to its left",
                    "fence to its right"
                ]
            },
            {
                "appearance": [
                    "white car"
                ],
                "status": [
                    "stationary"
                ],
                "relation_viewer": [
                    "on the right side of the road",
                    "near the center of the image",
                    "facing away from the viewer"
                ],
                "relation_others": [
                    "streetlight to its left",
                    "fence to its right"
                ]
            }
        ]
    },
    {
        "id": "zurich_city_03_a_4_221",
        "image_path": "data/train/zurich_city_03_a/image/000221.jpg",
        "event_path": "data/train/zurich_city_03_a/event/000221.npz",
        "index": "13",
        "bbox": {
            "x": 411.0,
            "y": 206.0,
            "w": 108.0,
            "h": 90.0
        },
        "class": "car",
        "others": [],
        "number of other objects": 0,
        "captions": [
            "A white van is parked on the right side of the road, next to a fence and a building, with trees and streetlights in the background.",
            "The white van is parked on the right side of the road, next to a fence and a building, with trees and streetlights in the background.",
            "On the right side of the road, the white van is parked next to a fence and a building, surrounded by trees and streetlights."
        ],
        "attributes": [
            {
                "appearance": [
                    "white van"
                ],
                "status": [
                    "parked"
                ],
                "relation_viewer": [
                    "on the right side of the road"
                ],
                "relation_others": [
                    "next to a fence",
                    "next to a building",
                    "trees and streetlights in the background"
                ]
            },
            {
                "appearance": [
                    "white van"
                ],
                "status": [
                    "parked"
                ],
                "relation_viewer": [
                    "on the right side of the road"
                ],
                "relation_others": [
                    "next to a fence",
                    "next to a building",
                    "trees and streetlights in the background"
                ]
            },
            {
                "appearance": [
                    "white van"
                ],
                "status": [
                    "parked"
                ],
                "relation_viewer": [
                    "on the right side of the road"
                ],
                "relation_others": [
                    "next to a fence",
                    "next to a building",
                    "surrounded by trees",
                    "surrounded by streetlights"
                ]
            }
        ]
    },
    {
        "id": "zurich_city_03_a_4_229",
        "image_path": "data/train/zurich_city_03_a/image/000229.jpg",
        "event_path": "data/train/zurich_city_03_a/event/000229.npz",
        "index": "14",
        "bbox": {
            "x": 419.0,
            "y": 202.0,
            "w": 136.0,
            "h": 109.0
        },
        "class": "car",
        "others": [],
        "number of other objects": 0,
        "captions": [
            "A white car is parked stationary on the right side of the image, near the center vertically, with a fence to its left and a building to its right, illuminated by a streetlight behind it.",
            "The white car is parked stationary on the right side of the image, near the center vertically, with a fence to its left and a building to its right, illuminated by a streetlight behind it.",
            "Parked stationary on the right side of the image, the white car is near the center vertically, with a fence to its left and a building to its right, illuminated by a streetlight behind it."
        ],
        "attributes": [
            {
                "appearance": [
                    "white car"
                ],
                "status": [
                    "parked stationary"
                ],
                "relation_viewer": [
                    "on the right side of the image",
                    "near the center vertically"
                ],
                "relation_others": [
                    "fence to its left",
                    "building to its right",
                    "illuminated by a streetlight behind it"
                ]
            },
            {
                "appearance": [
                    "white car"
                ],
                "status": [
                    "parked stationary"
                ],
                "relation_viewer": [
                    "on the right side of the image",
                    "near the center vertically"
                ],
                "relation_others": [
                    "fence to its left",
                    "building to its right",
                    "illuminated by a streetlight behind it"
                ]
            },
            {
                "appearance": [
                    "white car"
                ],
                "status": [
                    "parked stationary"
                ],
                "relation_viewer": [
                    "on the right side of the image",
                    "near the center vertically"
                ],
                "relation_others": [
                    "fence to its left",
                    "building to its right",
                    "illuminated by a streetlight behind it"
                ]
            }
        ]
    },
    {
        "id": "zurich_city_03_a_4_237",
        "image_path": "data/train/zurich_city_03_a/image/000237.jpg",
        "event_path": "data/train/zurich_city_03_a/event/000237.npz",
        "index": "15",
        "bbox": {
            "x": 429.0,
            "y": 203.0,
            "w": 173.0,
            "h": 129.0
        },
        "class": "car",
        "others": [],
        "number of other objects": 0,
        "captions": [
            "A white car is parked stationary on the right side of the road, near a fence and some trees, with another car further down the road.",
            "The white car is parked stationary on the right side of the road, near a fence and some trees, with another car further down the road.",
            "On the right side of the road, the white car is parked stationary, near a fence and some trees, with another car further down the road."
        ],
        "attributes": [
            {
                "appearance": [
                    "white car"
                ],
                "status": [
                    "parked stationary"
                ],
                "relation_viewer": [
                    "on the right side of the road"
                ],
                "relation_others": [
                    "near a fence",
                    "near some trees",
                    "another car further down the road"
                ]
            },
            {
                "appearance": [
                    "white car"
                ],
                "status": [
                    "parked stationary"
                ],
                "relation_viewer": [
                    "on the right side of the road"
                ],
                "relation_others": [
                    "near a fence",
                    "near some trees",
                    "another car further down the road"
                ]
            },
            {
                "appearance": [
                    "white car"
                ],
                "status": [
                    "parked stationary"
                ],
                "relation_viewer": [
                    "on the right side of the road"
                ],
                "relation_others": [
                    "near a fence",
                    "near some trees",
                    "another car further down the road"
                ]
            }
        ]
    }
]