[
    {
        "id": "zurich_city_02_d_785_197",
        "image_path": "data/train/zurich_city_02_d/image/000197.jpg",
        "event_path": "data/train/zurich_city_02_d/event/000197.npz",
        "index": "1",
        "bbox": {
            "x": 145.0,
            "y": 213.0,
            "w": 74.0,
            "h": 49.0
        },
        "class": "car",
        "others": [],
        "number of other objects": 0,
        "captions": [
            "A dark-colored stationary or slowly moving sedan with headlights on is positioned on the left side of the road, facing the viewer, with snow-covered ground and trees surrounding it.",
            "On the left side of the road, a dark-colored sedan with headlights on is stationary or moving slowly, facing the viewer, surrounded by snow-covered ground and trees.",
            "A dark-colored sedan, stationary or moving slowly with headlights on, is positioned on the left side of the road, facing the viewer, surrounded by snow-covered ground and trees."
        ],
        "attributes": [
            {
                "appearance": [
                    "dark-colored sedan",
                    "headlights on"
                ],
                "status": [
                    "stationary",
                    "slowly moving"
                ],
                "relation_viewer": [
                    "positioned on the left side of the road",
                    "facing the viewer"
                ],
                "relation_others": [
                    "surrounded by snow-covered ground",
                    "surrounded by trees"
                ]
            },
            {
                "appearance": [
                    "dark-colored sedan",
                    "headlights on"
                ],
                "status": [
                    "stationary",
                    "moving slowly"
                ],
                "relation_viewer": [
                    "facing the viewer"
                ],
                "relation_others": [
                    "surrounded by snow-covered ground",
                    "surrounded by trees"
                ]
            },
            {
                "appearance": [
                    "dark-colored sedan",
                    "headlights on"
                ],
                "status": [
                    "stationary or moving slowly"
                ],
                "relation_viewer": [
                    "positioned on the left side of the road",
                    "facing the viewer"
                ],
                "relation_others": [
                    "surrounded by snow-covered ground",
                    "surrounded by trees"
                ]
            }
        ]
    },
    {
        "id": "zurich_city_02_d_791_277",
        "image_path": "data/train/zurich_city_02_d/image/000277.jpg",
        "event_path": "data/train/zurich_city_02_d/event/000277.npz",
        "index": "0",
        "bbox": {
            "x": 201.0,
            "y": 214.0,
            "w": 58.0,
            "h": 40.0
        },
        "class": "car",
        "others": [],
        "number of other objects": 0,
        "captions": [
            "A black sedan with its headlights on is positioned on the left side of the road, near the center of the image, facing towards the camera, with trees and streetlights on both sides of the road.",
            "On the left side of the road, a black sedan with its headlights on is positioned near the center of the image, facing the camera, with trees and streetlights lining both sides of the road.",
            "With its headlights on, a black sedan is positioned on the left side of the road, facing the viewer, surrounded by trees and streetlights on both sides of the road."
        ],
        "attributes": [
            {
                "appearance": [
                    "black sedan with its headlights on"
                ],
                "status": [
                    "positioned"
                ],
                "relation_viewer": [
                    "on the left side of the road",
                    "near the center of the image",
                    "facing towards the camera"
                ],
                "relation_others": [
                    "trees on both sides of the road",
                    "streetlights on both sides of the road"
                ]
            },
            {
                "appearance": [
                    "black sedan with its headlights on"
                ],
                "status": [
                    "positioned"
                ],
                "relation_viewer": [
                    "on the left side of the road",
                    "facing the camera"
                ],
                "relation_others": [
                    "near the center of the image",
                    "trees and streetlights lining both sides of the road"
                ]
            },
            {
                "appearance": [
                    "black sedan",
                    "headlights on"
                ],
                "status": [
                    "positioned"
                ],
                "relation_viewer": [
                    "on the left side of the road",
                    "facing the viewer"
                ],
                "relation_others": [
                    "surrounded by trees",
                    "surrounded by streetlights on both sides of the road"
                ]
            }
        ]
    },
    {
        "id": "zurich_city_02_d_791_285",
        "image_path": "data/train/zurich_city_02_d/image/000285.jpg",
        "event_path": "data/train/zurich_city_02_d/event/000285.npz",
        "index": "1",
        "bbox": {
            "x": 81.0,
            "y": 213.0,
            "w": 126.0,
            "h": 78.0
        },
        "class": "car",
        "others": [
            {
                "id": "zurich_city_02_d_789_285",
                "class": "car",
                "bbox": {
                    "x": 0.0,
                    "y": 215.0,
                    "w": 51.0,
                    "h": 31.0
                }
            },
            {
                "id": "zurich_city_02_d_795_285",
                "class": "car",
                "bbox": {
                    "x": 23.0,
                    "y": 213.0,
                    "w": 62.0,
                    "h": 29.0
                }
            }
        ],
        "number of other objects": 2,
        "captions": [
            "A dark-colored sedan is in motion on the left side of the road, ahead of the viewer's perspective, passing by parked cars and approaching the camera.",
            "In motion, a dark-colored sedan is ahead of the viewer's perspective on the left side of the road, passing by parked cars and approaching the camera.",
            "On the left side of the road, a dark-colored sedan is moving ahead of the viewer, passing parked cars as it approaches the camera."
        ],
        "attributes": [
            {
                "appearance": [
                    "dark-colored sedan"
                ],
                "status": [
                    "in motion"
                ],
                "relation_viewer": [
                    "on the left side of the road",
                    "ahead of the viewer's perspective"
                ],
                "relation_others": [
                    "passing by parked cars",
                    "approaching the camera"
                ]
            },
            {
                "appearance": [
                    "dark-colored sedan"
                ],
                "status": [
                    "in motion",
                    "moving"
                ],
                "relation_viewer": [
                    "ahead of the viewer's perspective",
                    "on the left side of the road"
                ],
                "relation_others": [
                    "passing by parked cars",
                    "approaching the camera"
                ]
            },
            {
                "appearance": [
                    "dark-colored sedan"
                ],
                "status": [
                    "moving"
                ],
                "relation_viewer": [
                    "positioned ahead of the viewer"
                ],
                "relation_others": [
                    "passing parked cars"
                ]
            }
        ]
    },
    {
        "id": "zurich_city_02_d_792_309",
        "image_path": "data/train/zurich_city_02_d/image/000309.jpg",
        "event_path": "data/train/zurich_city_02_d/event/000309.npz",
        "index": "0",
        "bbox": {
            "x": 31.0,
            "y": 210.0,
            "w": 70.0,
            "h": 31.0
        },
        "class": "car",
        "others": [
            {
                "id": "zurich_city_02_d_790_309",
                "class": "car",
                "bbox": {
                    "x": 0.0,
                    "y": 214.0,
                    "w": 46.0,
                    "h": 32.0
                }
            }
        ],
        "number of other objects": 1,
        "captions": [
            "A dark-colored sedan is parked stationary on the left side of the road, surrounded by snow-covered trees and other parked cars. This is the second car from the left.",
            "A dark-colored sedan is parked on the left side of the road, surrounded by snow-covered trees and other parked cars. This is the second car from the left.",
            "Parked on the left side of the road, a dark-colored sedan is surrounded by snow-covered trees and other parked cars, positioned second from the left."
        ],
        "attributes": [
            {
                "appearance": [
                    "dark-colored sedan"
                ],
                "status": [
                    "parked stationary"
                ],
                "relation_viewer": [
                    "on the left side of the road"
                ],
                "relation_others": [
                    "surrounded by snow-covered trees",
                    "surrounded by other parked cars",
                    "second car from the left"
                ]
            },
            {
                "appearance": [
                    "dark-colored sedan"
                ],
                "status": [
                    "parked"
                ],
                "relation_viewer": [
                    "on the left side of the road"
                ],
                "relation_others": [
                    "surrounded by snow-covered trees",
                    "surrounded by other parked cars",
                    "second car from the left"
                ]
            },
            {
                "appearance": [
                    "dark-colored sedan"
                ],
                "status": [
                    "parked"
                ],
                "relation_viewer": [
                    "on the left side of the road",
                    "positioned second from the left"
                ],
                "relation_others": [
                    "surrounded by snow-covered trees",
                    "surrounded by other parked cars"
                ]
            }
        ]
    },
    {
        "id": "zurich_city_02_d_793_317",
        "image_path": "data/train/zurich_city_02_d/image/000317.jpg",
        "event_path": "data/train/zurich_city_02_d/event/000317.npz",
        "index": "0",
        "bbox": {
            "x": 215.0,
            "y": 213.0,
            "w": 50.0,
            "h": 36.0
        },
        "class": "car",
        "others": [
            {
                "id": "zurich_city_02_d_792_317",
                "class": "car",
                "bbox": {
                    "x": 0.0,
                    "y": 207.0,
                    "w": 53.0,
                    "h": 36.0
                }
            }
        ],
        "number of other objects": 1,
        "captions": [
            "A sedan with its headlights on is traveling on the left lane of the road, facing the camera, followed by another vehicle, and is surrounded by trees and parked cars.",
            "On the left lane of the road, a sedan with its headlights on is traveling toward the camera, followed by another vehicle, surrounded by trees and parked cars.",
            "A sedan with headlights on is moving on the left lane of the road, facing the camera, followed by another vehicle, surrounded by trees and parked cars."
        ],
        "attributes": [
            {
                "appearance": [
                    "sedan with its headlights on"
                ],
                "status": [
                    "traveling"
                ],
                "relation_viewer": [
                    "on the left lane of the road",
                    "facing the camera"
                ],
                "relation_others": [
                    "followed by another vehicle",
                    "surrounded by trees",
                    "surrounded by parked cars"
                ]
            },
            {
                "appearance": [
                    "sedan with its headlights on"
                ],
                "status": [
                    "traveling toward the camera"
                ],
                "relation_viewer": [
                    "on the left lane of the road",
                    "followed by another vehicle"
                ],
                "relation_others": [
                    "surrounded by trees",
                    "surrounded by parked cars"
                ]
            },
            {
                "appearance": [
                    "sedan with headlights on"
                ],
                "status": [
                    "moving"
                ],
                "relation_viewer": [
                    "on the left lane of the road",
                    "facing the camera"
                ],
                "relation_others": [
                    "followed by another vehicle",
                    "surrounded by trees",
                    "surrounded by parked cars"
                ]
            }
        ]
    },
    {
        "id": "zurich_city_02_d_793_325",
        "image_path": "data/train/zurich_city_02_d/image/000325.jpg",
        "event_path": "data/train/zurich_city_02_d/event/000325.npz",
        "index": "1",
        "bbox": {
            "x": 125.0,
            "y": 214.0,
            "w": 96.0,
            "h": 64.0
        },
        "class": "car",
        "others": [
            {
                "id": "zurich_city_02_d_799_325",
                "class": "car",
                "bbox": {
                    "x": 0.0,
                    "y": 214.0,
                    "w": 45.0,
                    "h": 30.0
                }
            }
        ],
        "number of other objects": 1,
        "captions": [
            "A sedan with its headlights on is stationary or moving slowly on the left side of the road, closest to the camera, facing the viewer, with snow-covered surroundings and other parked cars nearby.",
            "On the left side of the road, a sedan with its headlights on is stationary or moving slowly, facing the viewer. It is positioned closest to the camera, surrounded by snow-covered surroundings and other parked cars.",
            "A sedan with headlights on is stationary or slowly moving on the left side of the road, facing the viewer, with snow-covered surroundings and other parked cars nearby."
        ],
        "attributes": [
            {
                "appearance": [
                    "sedan with its headlights on"
                ],
                "status": [
                    "stationary",
                    "moving slowly"
                ],
                "relation_viewer": [
                    "closest to the camera",
                    "facing the viewer"
                ],
                "relation_others": [
                    "on the left side of the road",
                    "snow-covered surroundings",
                    "other parked cars nearby"
                ]
            },
            {
                "appearance": [
                    "sedan with its headlights on"
                ],
                "status": [
                    "stationary",
                    "moving slowly"
                ],
                "relation_viewer": [
                    "facing the viewer"
                ],
                "relation_others": [
                    "positioned closest to the camera",
                    "surrounded by snow-covered surroundings",
                    "surrounded by other parked cars"
                ]
            },
            {
                "appearance": [
                    "sedan with headlights on"
                ],
                "status": [
                    "stationary",
                    "slowly moving"
                ],
                "relation_viewer": [
                    "on the left side of the road",
                    "facing the viewer"
                ],
                "relation_others": [
                    "snow-covered surroundings",
                    "other parked cars nearby"
                ]
            }
        ]
    },
    {
        "id": "zurich_city_02_d_794_333",
        "image_path": "data/train/zurich_city_02_d/image/000333.jpg",
        "event_path": "data/train/zurich_city_02_d/event/000333.npz",
        "index": "0",
        "bbox": {
            "x": 3.0,
            "y": 215.0,
            "w": 78.0,
            "h": 32.0
        },
        "class": "car",
        "others": [],
        "number of other objects": 0,
        "captions": [
            "A black car is parked on the left side of the road, near the curb, surrounded by other parked cars and a snow-covered area. From the viewer's perspective, this is the second car counting from the left.",
            "Near the curb on the left side of the road, a black car is parked, surrounded by other parked cars and a snow-covered area. From the viewer's perspective, it is the second car from the left.",
            "On the left side of the road, a black car is parked near the curb, surrounded by other parked cars and a snow-covered area. It is the second car from the left from the viewer's perspective."
        ],
        "attributes": [
            {
                "appearance": [
                    "black car"
                ],
                "status": [
                    "parked"
                ],
                "relation_viewer": [
                    "on the left side of the road",
                    "near the curb",
                    "second car counting from the left"
                ],
                "relation_others": [
                    "surrounded by other parked cars",
                    "surrounded by a snow-covered area"
                ]
            },
            {
                "appearance": [
                    "black car"
                ],
                "status": [
                    "parked"
                ],
                "relation_viewer": [
                    "second car from the left"
                ],
                "relation_others": [
                    "near the curb",
                    "left side of the road",
                    "surrounded by other parked cars",
                    "surrounded by a snow-covered area"
                ]
            },
            {
                "appearance": [
                    "black car"
                ],
                "status": [
                    "parked"
                ],
                "relation_viewer": [
                    "second car from the left from the viewer's perspective"
                ],
                "relation_others": [
                    "on the left side of the road",
                    "near the curb",
                    "surrounded by other parked cars",
                    "surrounded by a snow-covered area"
                ]
            }
        ]
    },
    {
        "id": "zurich_city_02_d_797_349",
        "image_path": "data/train/zurich_city_02_d/image/000349.jpg",
        "event_path": "data/train/zurich_city_02_d/event/000349.npz",
        "index": "0",
        "bbox": {
            "x": 0.0,
            "y": 211.0,
            "w": 82.0,
            "h": 36.0
        },
        "class": "car",
        "others": [
            {
                "id": "zurich_city_02_d_801_349",
                "class": "car",
                "bbox": {
                    "x": 81.0,
                    "y": 220.0,
                    "w": 134.0,
                    "h": 82.0
                }
            },
            {
                "id": "zurich_city_02_d_804_349",
                "class": "car",
                "bbox": {
                    "x": 0.0,
                    "y": 218.0,
                    "w": 31.0,
                    "h": 33.0
                }
            }
        ],
        "number of other objects": 2,
        "captions": [
            "A white sedan with its headlights on is parked on the left side of the road, facing the left, near a snow-covered area and a streetlight, with a silver car on its left and a black car on its right.",
            "On the left side of the road, a white sedan with headlights on is parked, facing left, near a snow-covered area and a streetlight, with a silver car on its left and a black car on its right.",
            "A white sedan with headlights on is parked on the left side of the road, facing left, near a snow-covered area and a streetlight, with a silver car on the left and a black car on the right."
        ],
        "attributes": [
            {
                "appearance": [
                    "white sedan with its headlights on"
                ],
                "status": [
                    "parked"
                ],
                "relation_viewer": [
                    "on the left side of the road",
                    "facing the left"
                ],
                "relation_others": [
                    "silver car on its left",
                    "black car on its right",
                    "near a snow-covered area",
                    "near a streetlight"
                ]
            },
            {
                "appearance": [
                    "white sedan with headlights on"
                ],
                "status": [
                    "parked"
                ],
                "relation_viewer": [
                    "on the left side of the road",
                    "facing left"
                ],
                "relation_others": [
                    "silver car on its left",
                    "black car on its right",
                    "near a snow-covered area",
                    "near a streetlight"
                ]
            },
            {
                "appearance": [
                    "white sedan with headlights on"
                ],
                "status": [
                    "parked"
                ],
                "relation_viewer": [
                    "on the left side of the road",
                    "facing left"
                ],
                "relation_others": [
                    "silver car on the left",
                    "black car on the right",
                    "near a snow-covered area",
                    "near a streetlight"
                ]
            }
        ]
    },
    {
        "id": "zurich_city_02_d_801_341",
        "image_path": "data/train/zurich_city_02_d/image/000341.jpg",
        "event_path": "data/train/zurich_city_02_d/event/000341.npz",
        "index": "0",
        "bbox": {
            "x": 207.0,
            "y": 217.0,
            "w": 57.0,
            "h": 39.0
        },
        "class": "car",
        "others": [
            {
                "id": "zurich_city_02_d_802_341",
                "class": "car",
                "bbox": {
                    "x": 0.0,
                    "y": 213.0,
                    "w": 37.0,
                    "h": 37.0
                }
            }
        ],
        "number of other objects": 1,
        "captions": [
            "A white sedan with its headlights on is driving ahead on the left side of the road, following another vehicle and passing by parked cars on the left.",
            "On the left side of the road, a white sedan with headlights on is driving ahead, following another vehicle, and passing parked cars on the left.",
            "A white sedan with headlights on is driving ahead on the left side of the road, passing by parked cars and following another vehicle."
        ],
        "attributes": [
            {
                "appearance": [
                    "white sedan with its headlights on"
                ],
                "status": [
                    "driving ahead"
                ],
                "relation_viewer": [
                    "on the left side of the road"
                ],
                "relation_others": [
                    "following another vehicle",
                    "passing by parked cars on the left"
                ]
            },
            {
                "appearance": [
                    "white sedan with headlights on"
                ],
                "status": [
                    "driving ahead"
                ],
                "relation_viewer": [
                    "on the left side of the road"
                ],
                "relation_others": [
                    "following another vehicle",
                    "passing parked cars on the left"
                ]
            },
            {
                "appearance": [
                    "white sedan with headlights on"
                ],
                "status": [
                    "driving ahead"
                ],
                "relation_viewer": [
                    "on the left side of the road"
                ],
                "relation_others": [
                    "passing by parked cars",
                    "following another vehicle"
                ]
            }
        ]
    },
    {
        "id": "zurich_city_02_d_801_349",
        "image_path": "data/train/zurich_city_02_d/image/000349.jpg",
        "event_path": "data/train/zurich_city_02_d/event/000349.npz",
        "index": "1",
        "bbox": {
            "x": 81.0,
            "y": 220.0,
            "w": 134.0,
            "h": 82.0
        },
        "class": "car",
        "others": [
            {
                "id": "zurich_city_02_d_797_349",
                "class": "car",
                "bbox": {
                    "x": 0.0,
                    "y": 211.0,
                    "w": 82.0,
                    "h": 36.0
                }
            },
            {
                "id": "zurich_city_02_d_804_349",
                "class": "car",
                "bbox": {
                    "x": 0.0,
                    "y": 218.0,
                    "w": 31.0,
                    "h": 33.0
                }
            }
        ],
        "number of other objects": 2,
        "captions": [
            "A silver or light gray sedan is driving towards the viewer on the left side of the road, with its headlights on, passing by a streetlight and some trees.",
            "On the left side of the road, a silver or light gray sedan is driving toward the viewer with its headlights on, passing by a streetlight and some trees.",
            "With its headlights on, a silver or light gray sedan is moving toward the viewer on the left side of the road, passing a streetlight and some trees."
        ],
        "attributes": [
            {
                "appearance": [
                    "silver or light gray sedan"
                ],
                "status": [
                    "driving towards the viewer"
                ],
                "relation_viewer": [
                    "on the left side of the road"
                ],
                "relation_others": [
                    "passing by a streetlight",
                    "passing by some trees"
                ]
            },
            {
                "appearance": [
                    "silver or light gray sedan"
                ],
                "status": [
                    "driving toward the viewer",
                    "headlights on"
                ],
                "relation_viewer": [
                    "on the left side of the road"
                ],
                "relation_others": [
                    "passing by a streetlight",
                    "passing by some trees"
                ]
            },
            {
                "appearance": [
                    "silver or light gray sedan",
                    "headlights on"
                ],
                "status": [
                    "moving toward the viewer"
                ],
                "relation_viewer": [
                    "on the left side of the road"
                ],
                "relation_others": [
                    "passing a streetlight",
                    "passing some trees"
                ]
            }
        ]
    },
    {
        "id": "zurich_city_02_d_806_397",
        "image_path": "data/train/zurich_city_02_d/image/000397.jpg",
        "event_path": "data/train/zurich_city_02_d/event/000397.npz",
        "index": "0",
        "bbox": {
            "x": 171.0,
            "y": 217.0,
            "w": 75.0,
            "h": 42.0
        },
        "class": "car",
        "others": [
            {
                "id": "zurich_city_02_d_810_397",
                "class": "car",
                "bbox": {
                    "x": 262.0,
                    "y": 198.0,
                    "w": 34.0,
                    "h": 35.0
                }
            }
        ],
        "number of other objects": 1,
        "captions": [
            "A stationary or slowly moving dark-colored sedan with its headlights on is positioned on the left side of the road, facing the viewer, with a snow-covered area to its left side.",
            "On the left side of the road, a stationary or slowly moving dark-colored sedan with its headlights on is positioned, facing the viewer, with a snow-covered area to its left side.",
            "Positioned on the left side of the road, a dark-colored sedan with headlights on is either stationary or moving slowly, facing the viewer, with a snow-covered area to its left."
        ],
        "attributes": [
            {
                "appearance": [
                    "dark-colored sedan",
                    "headlights on"
                ],
                "status": [
                    "stationary",
                    "slowly moving"
                ],
                "relation_viewer": [
                    "positioned on the left side of the road",
                    "facing the viewer"
                ],
                "relation_others": [
                    "snow-covered area to its left side"
                ]
            },
            {
                "appearance": [
                    "dark-colored sedan",
                    "headlights on"
                ],
                "status": [
                    "stationary",
                    "slowly moving"
                ],
                "relation_viewer": [
                    "facing the viewer"
                ],
                "relation_others": [
                    "on the left side of the road",
                    "snow-covered area to its left side"
                ]
            },
            {
                "appearance": [
                    "dark-colored sedan",
                    "headlights on"
                ],
                "status": [
                    "stationary",
                    "moving slowly"
                ],
                "relation_viewer": [
                    "facing the viewer"
                ],
                "relation_others": [
                    "on the left side of the road",
                    "snow-covered area to its left"
                ]
            }
        ]
    },
    {
        "id": "zurich_city_02_d_806_405",
        "image_path": "data/train/zurich_city_02_d/image/000405.jpg",
        "event_path": "data/train/zurich_city_02_d/event/000405.npz",
        "index": "1",
        "bbox": {
            "x": 51.0,
            "y": 219.0,
            "w": 147.0,
            "h": 68.0
        },
        "class": "car",
        "others": [
            {
                "id": "zurich_city_02_d_810_405",
                "class": "car",
                "bbox": {
                    "x": 242.0,
                    "y": 193.0,
                    "w": 45.0,
                    "h": 47.0
                }
            }
        ],
        "number of other objects": 1,
        "captions": [
            "A silver-colored or dark-colored sedan with its headlights on is driving on the left side of the road, followed by  another white vehicle and passing by a snow-covered area.",
            "On the left side of the road, a silver-colored or dark-colored sedan with its headlights on is driving, followed by another white vehicle and passing by a snow-covered area.",
            "A silver-colored or dark-colored sedan with headlights on is driving on the left side of the road, passing a snow-covered area and followed by another white vehicle."
        ],
        "attributes": [
            {
                "appearance": [
                    "silver-colored or dark-colored sedan",
                    "headlights on"
                ],
                "status": [
                    "driving"
                ],
                "relation_viewer": [
                    "on the left side of the road"
                ],
                "relation_others": [
                    "followed by another white vehicle",
                    "passing by a snow-covered area"
                ]
            },
            {
                "appearance": [
                    "silver-colored or dark-colored sedan",
                    "headlights on"
                ],
                "status": [
                    "driving"
                ],
                "relation_viewer": [
                    "on the left side of the road"
                ],
                "relation_others": [
                    "followed by another white vehicle",
                    "passing by a snow-covered area"
                ]
            },
            {
                "appearance": [
                    "silver-colored or dark-colored sedan",
                    "headlights on"
                ],
                "status": [
                    "driving"
                ],
                "relation_viewer": [
                    "on the left side of the road"
                ],
                "relation_others": [
                    "passing a snow-covered area",
                    "followed by another white vehicle"
                ]
            }
        ]
    },
    {
        "id": "zurich_city_02_d_810_397",
        "image_path": "data/train/zurich_city_02_d/image/000397.jpg",
        "event_path": "data/train/zurich_city_02_d/event/000397.npz",
        "index": "0",
        "bbox": {
            "x": 262.0,
            "y": 198.0,
            "w": 34.0,
            "h": 35.0
        },
        "class": "car",
        "others": [
            {
                "id": "zurich_city_02_d_806_397",
                "class": "car",
                "bbox": {
                    "x": 171.0,
                    "y": 217.0,
                    "w": 75.0,
                    "h": 42.0
                }
            }
        ],
        "number of other objects": 1,
        "captions": [
            "A white car with its headlights on is positioned directly in front of the viewer on the left lane of the road, appearing to be stationary or moving slowly.",
            "On the left lane of the road, a white car with its headlights on is positioned directly in front of the viewer, appearing to be stationary or moving slowly.",
            "In the left lane of the road, a white car with headlights on is directly in front of the viewer, appearing either stationary or moving slowly."
        ],
        "attributes": [
            {
                "appearance": [
                    "white car with its headlights on"
                ],
                "status": [
                    "stationary",
                    "moving slowly"
                ],
                "relation_viewer": [
                    "positioned directly in front of the viewer",
                    "on the left lane of the road"
                ],
                "relation_others": []
            },
            {
                "appearance": [
                    "white car with its headlights on"
                ],
                "status": [
                    "stationary",
                    "moving slowly"
                ],
                "relation_viewer": [
                    "positioned directly in front of the viewer"
                ],
                "relation_others": [
                    "on the left lane of the road"
                ]
            },
            {
                "appearance": [
                    "white car with headlights on"
                ],
                "status": [
                    "stationary",
                    "moving slowly"
                ],
                "relation_viewer": [
                    "directly in front of the viewer"
                ],
                "relation_others": [
                    "in the left lane of the road"
                ]
            }
        ]
    },
    {
        "id": "zurich_city_02_d_810_405",
        "image_path": "data/train/zurich_city_02_d/image/000405.jpg",
        "event_path": "data/train/zurich_city_02_d/event/000405.npz",
        "index": "1",
        "bbox": {
            "x": 242.0,
            "y": 193.0,
            "w": 45.0,
            "h": 47.0
        },
        "class": "car",
        "others": [
            {
                "id": "zurich_city_02_d_806_405",
                "class": "car",
                "bbox": {
                    "x": 51.0,
                    "y": 219.0,
                    "w": 147.0,
                    "h": 68.0
                }
            }
        ],
        "number of other objects": 1,
        "captions": [
            "A white car with its headlights on is positioned in the left lane of the road, directly in front of the viewer, surrounded by trees and streetlights, and possibly moving forward.",
            "In the left lane of the road, a white car with its headlights on is positioned directly in front of the viewer, surrounded by trees and streetlights, and possibly moving forward.",
            "On the left lane of the road, a white car with headlights on is positioned ahead of the viewer, surrounded by trees and streetlights, possibly moving forward."
        ],
        "attributes": [
            {
                "appearance": [
                    "white car with its headlights on"
                ],
                "status": [
                    "possibly moving forward"
                ],
                "relation_viewer": [
                    "positioned in the left lane of the road",
                    "directly in front of the viewer"
                ],
                "relation_others": [
                    "surrounded by trees",
                    "surrounded by streetlights"
                ]
            },
            {
                "appearance": [
                    "white car with its headlights on"
                ],
                "status": [
                    "possibly moving forward"
                ],
                "relation_viewer": [
                    "positioned directly in front of the viewer"
                ],
                "relation_others": [
                    "surrounded by trees",
                    "surrounded by streetlights"
                ]
            },
            {
                "appearance": [
                    "white car with headlights on"
                ],
                "status": [
                    "possibly moving forward"
                ],
                "relation_viewer": [
                    "positioned ahead of the viewer"
                ],
                "relation_others": [
                    "on the left lane of the road",
                    "surrounded by trees",
                    "surrounded by streetlights"
                ]
            }
        ]
    },
    {
        "id": "zurich_city_02_d_810_413",
        "image_path": "data/train/zurich_city_02_d/image/000413.jpg",
        "event_path": "data/train/zurich_city_02_d/event/000413.npz",
        "index": "2",
        "bbox": {
            "x": 203.0,
            "y": 188.0,
            "w": 70.0,
            "h": 66.0
        },
        "class": "car",
        "others": [
            {
                "id": "zurich_city_02_d_806_413",
                "class": "car",
                "bbox": {
                    "x": 0.0,
                    "y": 230.0,
                    "w": 68.0,
                    "h": 100.0
                }
            }
        ],
        "number of other objects": 1,
        "captions": [
            "A white van is stationary or moving slowly in the left lane of the road, directly in front of the viewer, with a car ahead of it, near a snow-covered area.",
            "In the left lane of the road, a white van is stationary or moving slowly, directly in front of the viewer, with a car ahead of it, near a snow-covered area.",
            "On the left lane of the road, a white van is either stationary or slowly moving, positioned ahead of the viewer, with a car in front of it, near a snow-covered area."
        ],
        "attributes": [
            {
                "appearance": [
                    "white van"
                ],
                "status": [
                    "stationary",
                    "moving slowly"
                ],
                "relation_viewer": [
                    "in the left lane of the road",
                    "directly in front of the viewer"
                ],
                "relation_others": [
                    "car ahead of it",
                    "near a snow-covered area"
                ]
            },
            {
                "appearance": [
                    "white van"
                ],
                "status": [
                    "stationary",
                    "moving slowly"
                ],
                "relation_viewer": [
                    "directly in front of the viewer"
                ],
                "relation_others": [
                    "car ahead of it",
                    "near a snow-covered area"
                ]
            },
            {
                "appearance": [
                    "white van"
                ],
                "status": [
                    "stationary",
                    "slowly moving"
                ],
                "relation_viewer": [
                    "positioned ahead of the viewer"
                ],
                "relation_others": [
                    "a car in front of it",
                    "near a snow-covered area"
                ]
            }
        ]
    }
]